first_harmonic,second_harmonic,on_pareto_front,representative,delay_variance_ratio_to_lfm,delay_std_ratio_to_lfm,rms_bandwidth_hz,mainlobe_width_samples,peak_sidelobe_db,peak_sidelobe_amplitude_ratio_to_lfm,integrated_sidelobe_db,integrated_sidelobe_energy_ratio_to_lfm,doppler_coupling_samples_per_hz,doppler_coupling_ratio_to_lfm,doppler_fit_residual_rms_samples
-0.08,-0.08,False,,1.0604763218374378,1.029794310451091,35074.62349021428,20,-9.595681635451506,1.5647235135391917,-4.741663167008659,3.173290341389822,0.008214820768720675,1.0201146569678012,0.002652400795462312
-0.08,-0.07,False,,1.073874122022273,1.0362789788576592,34855.138865456196,20,-10.239230223282014,1.4529818171023163,-5.879727296615075,2.441762372003261,0.00827815172586108,1.0279790814558827,0.0028436825484730558
-0.08,-0.06,False,,1.087261064541995,1.0427181136539228,34639.89666858797,20,-10.978867078031007,1.334376352040098,-7.018370712130171,1.8786204921311107,0.00834039325452833,1.0357082209530346,0.0030404745044117438
-0.08,-0.05,False,,1.1006235165638323,1.049106055918005,34428.97646780895,20,-11.832931240741162,1.209414381472106,-8.165429807443953,1.4425575423951444,0.008401435728462282,1.0432884620941079,0.0032419340858410805
-0.08,-0.04,False,,1.1139472068284695,1.0554369743516046,34222.45817532263,20,-12.826960353175602,1.0786329252650912,-9.325556054318051,1.104385055435597,0.008461166281293583,1.050705789157896,0.003447182355555022
-0.08,-0.03,False,,1.1272172335900033,1.0617048712283481,34020.42195553641,20,-13.976896995095666,0.9448804011793163,-10.493596624814812,0.8439495074923755,0.008519469020236247,1.0579458106034325,0.0036553065774896855
-0.08,-0.020000000000000004,False,,1.1404180763805367,1.0679035894595246,33822.94812747781,18,-15.266525204135197,0.8145081428918428,-11.623306054758391,0.6506471339303447,0.008576225273496425,1.06499378979316,0.0038653632875263627
-0.08,-0.009999999999999995,False,,1.1535336118498052,1.0740268208242312,33630.117061432284,18,-16.84513693054076,0.6791486537175286,-12.682788988963678,0.5097969439007936,0.008631421433321428,1.0718480369193077,0.0040837679818606955
-0.08,0.0,True,,1.1665471339154154,1.08006811540542,33442.00906984352,18,-18.84523428376801,0.5394609048007962,-13.544386196367027,0.4180589321653112,0.008685113114646823,1.0785154582324827,0.0043218162489496
-0.08,0.009999999999999995,True,sidelobe_focused,1.1794413784398745,1.0860208922667531,33258.704292555165,18,-18.91807546094516,0.5349558210562689,-14.050100129875016,0.3721055208196341,0.008736710096427779,1.0849227602116653,0.004546561845622122
-0.08,0.020000000000000004,True,,1.192198552626254,1.0918784513975235,33080.28257651425,18,-17.975766280092746,0.5962568434747627,-14.066895268254559,0.3706692845084719,0.008786108856460074,1.0910570874920433,0.004758565104656719
-0.08,0.03,False,,1.2048003692948677,1.0976339869441305,32906.82335010035,18,-16.885657182437466,0.6759877587779767,-13.583069903813943,0.4143517106568789,0.00883320447353344,1.096905410980538,0.004958352299653291
-0.08,0.039999999999999994,False,,1.217228086168636,1.103280601736764,32738.405492290873,18,-15.932520041698517,0.754389592999594,-12.718280628494936,0.505647732095339,0.00887789098738575,1.102454572554837,0.005146414986106474
-0.08,0.05,False,,1.2294625502548346,1.1088113231090466,32575.107196920868,18,-15.08908207818354,0.8313187707167998,-11.633105039728097,0.6491807339566147,0.008920061785164062,1.1076913330540414,0.005323209316504378
-0.08,0.06000000000000001,False,,1.2414842473656633,1.11421911999645,32417.005832346455,18,-14.309826875266822,0.9093484835310546,-10.45146224277558,0.8521771839228957,0.008959610013259777,1.1126024234202683,0.005489155327888922
-0.08,0.06999999999999999,False,,1.2532733567698555,1.119496921286457,32264.17779687181,18,-13.449502358909875,1.0040297298886218,-9.244293380223217,1.1252442141480308,0.008996429012973811,1.1171745987994555,0.0056446361988398835
-0.08,0.08,False,,1.2648098109124841,1.1246376353797183,32116.69837035247,18,-12.68485081013628,1.0964255570579078,-8.043758531134687,1.4835434602217907,0.009030412778073298,1.1213946953606535,0.005789997472287595
-0.07,-0.08,False,,1.0419144160178277,1.0207420908426514,35385.674829592914,18,-9.708693726045988,1.5444967698148713,-5.0885130042441435,2.9297112998192922,0.008150757490084811,1.0121592929556373,0.0024495686239188142
-0.07,-0.07,False,,1.0548444483810848,1.0270562050740382,35168.13153261955,18,-10.355866380498348,1.4336012520888244,-6.17392104173423,2.2818338708690393,0.008212089013891826,1.0197754282471012,0.0026295259294709635
-0.07,-0.06,False,,1.0677582931138985,1.033323905227155,34954.81671209057,18,-11.0998476299563,1.3159194593159353,-7.256533345277976,1.7783727376292653,0.008272322866902142,1.0272552550176903,0.0028148499564404116
-0.07,-0.05,False,,1.0806428255349623,1.0395397181132437,34745.80824770575,18,-11.959241712956532,1.1919543008276239,-8.341625836105486,1.3852033811334894,0.008331353347752042,1.0345856472950399,0.003004728218088542
-0.07,-0.04,False,,1.0934843288781382,1.0456980103634788,34541.18431274615,18,-12.959996204390638,1.0622381145272746,-9.429072182923488,1.0783727583478644,0.008389071788104416,1.0417531106686746,0.003198314904305959
-0.07,-0.03,False,,1.1062685031122816,1.051792994420614,34341.02328408601,18,-14.131312540388851,0.9282309898135115,-10.506976493510338,0.841353444761035,0.008445366764224653,1.0487438085634564,0.0033947334318998983
-0.07,-0.020000000000000004,False,,1.1189804773418182,1.0578187355789357,34145.40364674942,18,-15.417576245658292,0.8004659787865078,-11.54230235084541,0.6628967525559498,0.008500124339922845,1.055543592408095,0.0035930794696856267
-0.07,-0.009999999999999995,False,,1.1316048260081697,1.0637691601133066,33954.40389303032,18,-16.99128230789676,0.6678171614026314,-12.468995870552442,0.5355210413210574,0.008553228341726431,1.0621380358060268,0.0037924244526903123
-0.07,0.0,True,,1.1441255890972803,1.0696380645327093,33768.1024162284,18,-18.707605081582876,0.5480768223666399,-13.181256509151142,0.4545173601734383,0.008604560666857343,1.0685124727799493,0.003991819591005801
-0.07,0.009999999999999995,True,,1.1565262965395027,1.0754191259873997,33586.57739908938,18,-17.77743650325427,0.6100281349940229,-13.551880035621746,0.4173381850205043,0.008654277320310334,1.074686275996192,0.004209232127136364
-0.07,0.020000000000000004,False,,1.1687899969646554,1.0811059138514854,33409.906697077524,18,-16.949749571469713,0.6710180646452993,-13.490625185061285,0.4232662183775677,0.008701966483813765,1.0806083059513216,0.004423710139495754
-0.07,0.03,False,,1.1808992909471177,1.0866919024945008,33238.16771664924,18,-15.993385253549821,0.7491217869361576,-13.005398246812476,0.473299779210876,0.008747381100849707,1.0862478832206572,0.004625665918620123
-0.07,0.039999999999999994,False,,1.192836368843219,1.092170485246337,33071.43728873989,18,-15.099494173210239,0.8303228354152637,-12.196281170723417,0.5702273050991326,0.008790420629507233,1.0915925225315604,0.0048155987726254445
-0.07,0.05,False,,1.2045830532859247,1.0975349895497295,32909.791537721416,18,-14.303955450602018,0.9099633861272676,-11.190104017906624,0.7188954332174917,0.008830984014122429,1.096629674813658,0.004993972893527611
-0.07,0.06000000000000001,False,,1.2161208463600304,1.1027786932834849,32753.305746134673,18,-13.590194917813445,0.9878976327616468,-10.087342045719051,0.9267058871087479,0.008868970073127862,1.1013467753619053,0.005161216541012399
-0.07,0.06999999999999999,False,,1.2274309814349482,1.1078948422277939,32602.05421554829,18,-12.83211827602816,1.077992593175771,-8.949025970309137,1.2044077170573675,0.008904277908031832,1.105731294623541,0.005317721183495747
-0.07,0.08,False,,1.2384944795819246,1.1128766686304123,32456.110123944232,18,-12.09988225293623,1.1728097776564446,-7.805301051959446,1.5672779420725043,0.008936807331681996,1.1097707913797694,0.005463840594137498
-0.06,-0.08,False,,1.0236775730699692,1.0117695256677626,35699.48174471659,18,-9.8169342691212,1.525369214943568,-5.357948048959244,2.753476166412732,0.008086430568548065,1.0041711898253638,0.0022542580191628565
-0.06,-0.07,False,,1.0361562221386793,1.0179175910350893,35483.86237702002,18,-10.464649049504185,1.4157586969970488,-6.385203043710056,2.173480870528036,0.008145810805982938,1.01154501479939,0.002423128962105877
-0.06,-0.06,False,,1.048613840164419,1.0240184764760931,35272.4570319607,18,-11.209237920742407,1.2994506617272923,-7.405696748541496,1.7183295223387016,0.008204087111571235,1.018781753756729,0.0025972413340074134
-0.06,-0.05,False,,1.0610377982000085,1.0300668901581143,35065.34192735049,18,-12.069332948373152,1.1769419512280197,-8.421838346215086,1.3598540277318383,0.008261157624768015,1.0258687576770562,0.0027758124045916877
-0.06,-0.04,False,,1.0734149185423147,1.036057391529212,34862.59352691317,18,-13.070924369801748,1.048758447911916,-9.42920463796435,1.0783398696662032,0.008316917773540131,1.0327930408280324,0.0029580289732962966
-0.06,-0.03,False,,1.085731484264186,1.0419843973228131,34664.288452149216,18,-14.251716320300103,0.9154526256544835,-10.410917241964095,0.8601702192351784,0.008371260483064474,1.0395413066814039,0.0031430498974857487
-0.06,-0.020000000000000004,False,,1.0979732520946306,1.047842188544931,34470.503389058824,18,-15.531169844385083,0.7900656831437787,-11.330235241871534,0.6960694965917728,0.00842407641358347,1.0460999774498487,0.003330009062501985
-0.06,-0.009999999999999995,True,,1.1101254688401785,1.053624918479142,34281.31498975353,18,-17.084986444156446,0.6606514133766965,-12.12325704114422,0.5798964130684666,0.008475254228100007,1.0524552273292722,0.003518018803726
-0.06,0.0,True,,1.1221728915256517,1.0593266217393253,34096.79976901876,18,-17.655368001277957,0.6186617854154817,-12.699294729421586,0.5078630933764691,0.00852468089033636,1.0585930194992836,0.0037061737861690375
-0.06,0.009999999999999995,True,,1.1340998114140581,1.064941224394125,33917.033995924365,18,-16.791011566774237,0.6833939225975555,-12.961882618687198,0.47806600755963635,0.008572241993122858,1.0644991469024276,0.003893555341197893
-0.06,0.020000000000000004,False,,1.1458900820429543,1.0704625551802147,33742.09358061668,18,-16.016929755098506,0.7470939214577071,-12.85260542739306,0.4902477214105885,0.00861782211704821,1.0701592767813055,0.004079236253437823
-0.06,0.03,False,,1.1575271513881358,1.0758843578136712,33572.05395646462,18,-15.21215154479757,0.8196229556054999,-12.386878768165355,0.5457430952797455,0.00866160120315801,1.075595754175835,0.004282610907707255
-0.06,0.039999999999999994,False,,1.168994098234997,1.0812003044001592,33406.989957772654,18,-14.365515736926039,0.903536921164844,-11.643732345844533,0.6475941127861966,0.008703055277594357,1.0807435121262665,0.004474753099190828
-0.06,0.05,False,,1.1802736728032936,1.0864040099352053,33246.975693316046,18,-13.608608581194812,0.9858055561846175,-10.72127490917169,0.8008453083062461,0.008742072597494356,1.085588674428181,0.004655036047033397
-0.06,0.06000000000000001,False,,1.1913483416324984,1.0914890478756525,33092.08441599661,18,-12.927026184750014,1.066277834769958,-9.70041116149879,1.0130596327019254,0.008778557376765946,1.0901193463854928,0.004823894699861776
-0.06,0.06999999999999999,False,,1.2022003366926197,1.0964489667524977,32942.38838896199,18,-12.285770177545977,1.1479769863078564,-8.633649173269163,1.2951235760841064,0.008812414186163,1.094323677615166,0.0049817272010660016
-0.06,0.08,False,,1.212811708639632,1.1012773077838443,32797.95874857554,18,-11.580334832498721,1.245102052460505,-7.549316034547655,1.66243442348947,0.008843548353867007,1.0981899117913616,0.0051288938740122955
-0.05,-0.08,False,,1.0057654822234832,1.0028785979486665,36015.97220772048,18,-9.920168616826029,1.507347065537884,-5.58810894446581,2.6113508885153145,0.00802191699030142,0.9961599077054387,0.0020668818749833575
-0.05,-0.07,False,,1.0178086856605337,1.0088650482896777,35802.25895690435,18,-10.565251577937273,1.3994555594946665,-6.55848160699907,2.088468675965978,0.008079394454722017,1.0032974467402591,0.002224913305705642
-0.05,-0.06,False,,1.0298264695117076,1.0148036605726782,35592.74479858859,18,-11.306598395594577,1.2849663977011454,-7.518659356679463,1.6742109994539358,0.008135763587272369,1.0102973533644093,0.002388078176454075
-0.05,-0.05,False,,1.0418066876587653,1.0206893198514253,35387.504315901475,18,-12.162623651276297,1.1643686615494546,-8.4683853889012,1.3453571391538388,0.008190926279856674,1.0171474445358837,0.0025556230998002097
-0.05,-0.04,False,,1.0537366857030135,1.0265167732204932,35186.61229286942,18,-13.158980438625822,1.0381800252290265,-9.39978909625907,1.0856684492654227,0.008244781951485928,1.0238352301293365,0.002726766893461589
-0.05,-0.03,False,,1.0656033110606,1.0322806358062715,34990.143628166865,18,-14.332821065517683,0.9069443453133831,-10.292669746334251,0.8839122482965044,0.008297227753455618,1.030347938415003,0.0029007030765369215
-0.05,-0.020000000000000004,False,,1.0773929261850321,1.0379753976781108,34798.17324402327,18,-15.606683058130459,0.7832267968583747,-11.109046698532106,0.7324389927231951,0.00834815880158729,1.0366725448984067,0.0030766027754560834
-0.05,-0.009999999999999995,True,,1.0890914250855448,1.0435954317097909,34610.77599032765,18,-17.125746842129395,0.6575584280071579,-11.78946882882711,0.6262233305987114,0.00839746843606384,1.0427958045866503,0.0032536180480754484
-0.05,0.0,True,,1.1006842532954757,1.049135002416503,34428.02654400189,18,-16.739517853861873,0.6874574106911882,-12.25743712099312,0.562253819618424,0.008445048509155848,1.048704287718208,0.0034308856298012323
-0.05,0.009999999999999995,True,,1.1121564314269647,1.0545882757867948,34249.999303746416,18,-15.926515700973988,0.7549112641593109,-12.439446037354344,0.5391772046748184,0.008490789700870954,1.0543844189601974,0.003607531097193074
-0.05,0.020000000000000004,False,,1.1234925824269328,1.0599493301224039,34076.76828029669,18,-15.194778965706623,0.8212639174796886,-12.297158423906598,0.5571347971322791,0.00853458186227935,1.059822520042464,0.0037826734435113967
-0.05,0.03,False,,1.1346769626243822,1.0652121678916282,33908.406982365195,18,-14.522737320667778,0.887329304634392,-11.848576040368888,0.6177582052167997,0.008576314385938016,1.0650048557567817,0.0039554300485746255
-0.05,0.039999999999999994,False,,1.1456934966305359,1.070370728593853,33744.98829848165,18,-13.714448526908507,0.9738661355974493,-11.157470124719953,0.7243177266681495,0.008615876602514163,1.0699176832094672,0.004124922023764404
-0.05,0.05,False,,1.1565258161212433,1.0754189026241092,33586.58437498354,18,-12.98917269302895,1.0586759712052525,-10.301872329451045,0.8820412450487869,0.00865337956549358,1.07457479299824,0.004305480673267594
-0.05,0.06000000000000001,False,,1.167157302495621,1.0803505461171485,33433.2664904491,18,-12.33413376115368,1.14160274031459,-9.348179171525905,1.098647089171225,0.008688422536135868,1.0789264214734475,0.0044762532517237654
-0.05,0.06999999999999999,False,,1.17757113336613,1.085159496740516,33285.10492690625,18,-11.739496680307271,1.2224943387762006,-8.341757051946336,1.3851615298348459,0.008720886962916638,1.0829578469325667,0.00463569894087993
-0.05,0.08,False,,1.1877503327936632,1.0898395903956064,33142.16883819168,18,-11.11836581161887,1.313116928026332,-7.30876051703072,1.7571145494417706,0.008750683398262437,1.0866579617953742,0.004784183069101564
-0.04,-0.08,False,,0.9881772779424188,0.9940710628231861,36335.076094918375,18,-10.018258052985738,1.4904204058481823,-5.744456493094022,2.519013397064448,0.007957288677200088,0.9881343778362045,0.0018878244880341651
-0.04,-0.07,False,,0.9998005222468415,0.9999002561490028,36123.250783580545,18,-10.657474584428872,1.3846753514969175,-6.654965310704708,2.0425824471013203,0.008012912065823684,0.9950416781416722,0.0020352702327536033
-0.04,-0.06,False,,1.01139438306214,1.0056810543418524,35915.60918394214,18,-11.391664149682015,1.2724434285155481,-7.551390776354797,1.6616404234260131,0.00806742446543988,1.0018110160737557,0.002187757833481645
-0.04,-0.05,False,,1.022947183817853,1.011408514803911,35712.224272147476,18,-12.238780127027235,1.1542042903121728,-8.431035995491076,1.3569771260216348,0.008120731428496395,1.0084306631559476,0.0023445627623128133
-0.04,-0.04,False,,1.0344467774408832,1.0170775670718941,35513.16918278237,18,-13.22376319554903,1.0304656772429195,-9.283427556856847,1.1151502109358158,0.008172736257029235,1.0148886114561038,0.002504935200416294
-0.04,-0.03,False,,1.045880556882783,1.0226830187711062,35318.51712453343,18,-14.38260433521706,0.9017610523017303,-10.0866770945783,0.9268477865201695,0.00822334020377272,1.021172598560242,0.002668102492945517
-0.04,-0.020000000000000004,False,,1.057235468564683,1.0282195624304582,35128.34129128888,18,-15.644328671922585,0.7798395502793205,-10.803975917178176,0.7857394071443954,0.008272442698357592,1.027270135661774,0.0028332719846681314
-0.04,-0.009999999999999995,True,,1.0684980288867871,1.0336817831841612,34942.71476873049,18,-16.794031580862942,0.6831563533204527,-11.382682533799407,0.6877140121627459,0.008319941599001054,1.03316853881632,0.0029996342411338023
-0.04,0.0,True,,1.0796543439352264,1.0390641673810268,34761.71043649483,18,-15.933223149452388,0.7543285289374446,-11.760574773322727,0.6304035486742688,0.008365733469861001,1.0388549633834971,0.0031663666572313105
-0.04,0.009999999999999995,True,,1.0906901325019422,1.0443611121168492,34585.40086601346,18,-15.161234085940906,0.8244417687453228,-11.882749408656855,0.6129163204400876,0.00840971388399477,1.0443164416482698,0.0033326374492162955
-0.04,0.020000000000000004,False,,1.101590752512999,1.0495669356991955,34413.85821417368,18,-14.46364560387186,0.8933865512485715,-11.72401660636204,0.6357325759173839,0.008451777751590476,1.0495399235806473,0.003497610020359083
-0.04,0.03,False,,1.1123412309373446,1.0546758890471255,34247.15411297597,18,-13.829465255679835,0.9610554101532764,-11.301190944354047,0.7007401989443569,0.008491819672843978,1.054512320655868,0.0036604476847537054
-0.04,0.039999999999999994,False,,1.122926297221412,1.0596821680208703,34085.35955539971,18,-13.13415769818062,1.0411512041426612,-10.664353048229744,0.8114108706251514,0.008529734314545701,1.0592205526188683,0.0038203187280770566
-0.04,0.05,False,,1.1333304202653365,1.064579926668419,33928.54477772519,18,-12.435080745094165,1.1284118893673414,-9.875011947254048,0.9731391208300032,0.008565416809117602,1.0636515970366078,0.003976401776052094
-0.04,0.06000000000000001,False,,1.1435378489238905,1.0693632913672932,33776.779138597594,18,-11.802161684079893,1.2137063005650068,-8.987479585684166,1.1937906359727424,0.008598763174486787,1.0677925414378826,0.004127891435940418
-0.04,0.06999999999999999,False,,1.153532655979864,1.0740263758306237,33630.13099515631,18,-11.226453842579033,1.2968776282136771,-8.040864717642046,1.484532311998286,0.008629738545749135,1.071639056306479,0.004278659434758652
-0.04,0.08,False,,1.1632987854997168,1.0785632969370489,33488.66757659101,18,-10.700877134524479,1.3777735209939577,-7.059204509902451,1.8610398623908293,0.008658253153433389,1.075179994088975,0.004428712965803493
-0.03,-0.08,False,,0.9709115892928376,0.9853484608466375,36656.72515528354,18,-10.11116485616138,1.4745633922724386,-5.848849392128914,2.4591849218224677,0.00789261269147656,0.9801029279911113,0.001717442356645851
-0.03,-0.07,False,,0.9821299077632567,0.9910246756581073,36446.76928700183,18,-10.741252754800731,1.3713839200621305,-6.700001522629756,2.021510373544257,0.007946430720498497,0.9867860391337717,0.0018545615722770784
-0.03,-0.06,False,,0.9933152747053602,0.9966520329108651,36240.981324188186,18,-11.464354230202954,1.2618390958972325,-7.533678475981622,1.6684311090030555,0.007999136730785427,0.9933310600316978,0.0019966465620143183
-0.03,-0.05,False,,1.0044564695405478,1.0022257577714453,36039.432664106236,18,-12.297729129611445,1.1463975102016153,-8.345228244841435,1.3840548517491738,0.008050639840592457,0.9997267050095681,0.0021430011133396873
-0.03,-0.04,False,,1.0155418364190596,1.0077409570018774,35842.19482246325,18,-13.265252338443098,1.0255552772413203,-9.122513728582561,1.1572435095368174,0.00810084712491258,1.0059614346602168,0.0022929060615441005
-0.03,-0.03,False,,1.0265592950636857,1.0131926248565402,35649.33935099567,18,-14.401188496089357,0.899833724429739,-9.843287932943124,0.9802736599551022,0.008149663812054177,1.012023480255584,0.0024456216961929607
-0.03,-0.020000000000000004,True,,1.0374963543328724,1.0185756497839875,35460.937750766825,18,-15.645151098056926,0.7797657144270682,-10.47324015884797,0.8479145948235631,0.008196993503463701,1.0179008710442496,0.0026003905200907692
-0.03,-0.009999999999999995,True,,1.0483401286307847,1.0238848219554701,35277.06138123389,18,-16.037617878156208,0.74531660449285,-10.966803362904425,0.7568255588690791,0.008242738417052429,1.0235814644676962,0.0027564403637825013
-0.03,0.0,True,,1.05907735727819,1.0291148416373121,35097.78136516896,18,-15.217232025972567,0.8191436884725399,-11.273718684935137,0.7051869358691273,0.008286799654129099,1.0290529793079457,0.0029129878556636516
-0.03,0.009999999999999995,False,,1.0696944269416886,1.0342603284191503,34923.16848954763,18,-14.478589270304001,0.8918508429531459,-11.352529691088662,0.6925053891049137,0.008329077489776182,1.0343030317464217,0.0030692422424860705
-0.03,0.020000000000000004,False,,1.0801773971996462,1.039315831304251,34753.29310254982,16,-13.808984440570566,0.963324195867369,-11.134929262164114,0.7280868718335973,0.008369471686278093,1.0393191742853969,0.0032244095494563217
-0.03,0.03,False,,1.0905120293012576,1.0442758396617522,34588.225006849,16,-13.19862732071607,1.0334520346126206,-10.738683174190944,0.7976416241643424,0.008407881828938112,1.0440889374496651,0.0033776970642160186
-0.03,0.039999999999999994,False,,1.1006838181504763,1.0491347950337346,34428.03334939953,16,-12.615304649680489,1.1052396538516187,-10.153218791655538,0.9127550561802383,0.008444207683329008,1.0485998741498461,0.003528318123708779
-0.03,0.05,False,,1.1106780275191281,1.0538871037825295,34272.78650796563,16,-11.938111505150541,1.1948575039915292,-9.426589007866358,1.0789895182045524,0.008478349572735844,1.0528396065531511,0.0036754971747596267
-0.03,0.06000000000000001,False,,1.1204797284635768,1.0585271505557035,34122.551974670496,16,-11.323763625216598,1.2824295288193726,-8.602752391452443,1.3043702575884546,0.008510208774216347,1.056795875266073,0.0038184750764603762
-0.03,0.06999999999999999,False,,1.1300738408869944,1.0630493125377554,33977.39623687873,16,-10.764017422912923,1.3677943942835038,-7.714935227680236,1.600230721408701,0.008539687931418793,1.0604565905980226,0.003956514602010806
-0.03,0.08,False,,1.1394451781548613,1.0674479744488072,33837.384655760645,16,-10.252310496022151,1.450795386454231,-6.784763446430578,1.9824387673616495,0.008566691481945646,1.063809885631251,0.004088906095274676
-0.020000000000000004,-0.08,False,,0.9539665865153693,0.9767121308325034,36980.85297727404,16,-10.198955984016983,1.4597345638649961,-5.894516918039678,2.4334612485683733,0.00782795144194785,0.9720733080834864,0.0015560650817920845
-0.020000000000000004,-0.07,False,,0.9647945592238266,0.9822395630516145,36772.747779798854,16,-10.816659236431924,1.3595297917080131,-6.684810793664109,2.0285935822093015,0.007880012698291222,0.9785382635768858,0.001683120751076308
-0.020000000000000004,-0.06,False,,0.9755863808974031,0.987717763785487,36568.794280874485,16,-11.524776741880174,1.2530917004688655,-7.453906362736372,1.6993603865453462,0.007930962421229577,0.9848651890937231,0.0018150807150786653
-0.020000000000000004,-0.05,False,,0.9863312732097702,0.9931421213551312,36369.06232730518,16,-12.339663247471265,1.1408762208510919,-8.195564032787313,1.4325827692803461,0.00798071319791501,0.9910432297255513,0.0019512764804765427
-0.020000000000000004,-0.04,False,,0.9970180553950553,0.9985079145380147,36173.62184670167,16,-13.283812535167156,1.0233661882368417,-8.896679336145382,1.2190125953125426,0.00802917576482038,0.9970613007469779,0.00209101878200056
-0.020000000000000004,-0.03,False,,1.0076351553067708,1.0038103183902678,35982.54276700314,16,-14.389271943817427,0.901069092946266,-9.5356091631902,1.0522409767328005,0.008076259199424361,1.0029081114190732,0.0022335999343447185
-0.020000000000000004,-0.020000000000000004,True,,1.018170623009008,1.0090444108209549,35795.894931968396,16,-15.610977698567957,0.7828396348997918,-10.081473240075848,0.9279590306245653,0.008121871133377557,1.008572191460292,0.0023782965099897503
-0.020000000000000004,-0.009999999999999995,True,,1.0286121470102052,1.0142051799365872,35613.74801270017,16,-15.364591167643182,0.8053638509971018,-10.496003941400971,0.8434818315816954,0.008165917987347901,1.0140419202095252,0.002524372343784511
-0.020000000000000004,0.0,True,,1.038947073236674,1.0192875321697377,35436.17141529207,16,-14.577274122550305,0.8817754120282445,-10.73964341419084,0.7974652823601819,0.008208305227529382,1.0193055584792956,0.002671081864986462
-0.020000000000000004,0.009999999999999995,False,,1.0491624268274369,1.0242863012007126,35263.234184715584,16,-13.866122881887327,0.9570079522446342,-10.781759990236,0.7897690813183263,0.008248937643606437,1.0243512830733177,0.0028176737469106862
-0.020000000000000004,0.020000000000000004,False,,1.0592449368139505,1.0291962576758382,35095.00490509295,16,-13.219737657584762,1.030943364650616,-10.61100144914326,0.8214402546818869,0.008287719647719157,1.0291672239119312,0.0029633948670332016
-0.020000000000000004,0.03,False,,1.0691810637277448,1.0340121197199503,34931.55159653199,16,-12.62925624021741,1.1034658028813762,-10.239451717756989,0.8948102592893831,0.00832455559374207,1.0337415036800703,0.0031074945578654293
-0.020000000000000004,0.039999999999999994,False,,1.0789570301561227,1.0387285642342385,34772.941608729736,16,-12.087655228118827,1.1744618907616953,-9.697597544404854,1.0137161654313716,0.008359350115916658,1.0380622798785772,0.0032492291301390243
-0.020000000000000004,0.05,False,,1.0885588542407818,1.0433402389636766,34619.24151158359,16,-11.491758019317174,1.2578642950445154,-9.023701957280169,1.1838752213701556,0.008392008485614303,1.0421177891269464,0.003387866639666136
-0.020000000000000004,0.06000000000000001,False,,1.0979723860867665,1.0478417753109324,34470.51698308063,16,-10.893079333669496,1.3476208572212733,-8.253913152193954,1.4134641938622048,0.008422436984716408,1.0458963935295864,0.0035226918661304327
-0.020000000000000004,0.06999999999999999,False,,1.1071833470196764,1.052227801865963,34326.832694768425,16,-10.346849994946382,1.4350901741615132,-7.4167015799926155,1.7139808627725472,0.008450543293822993,1.049386628883481,0.0036530114651975787
-0.020000000000000004,0.08,False,,1.1161773715978205,1.0564929586125127,34188.25219514252,16,-9.846925786101115,1.5201113487321192,-6.531482545341115,2.1014926336858615,0.008476236893205332,1.0525772544683973,0.003778159251738774
-0.009999999999999995,-0.08,False,,0.9373400248530764,0.9681632222167275,37307.39495426869,16,-10.266390724466042,1.4484454852610693,-5.878280969871566,2.4425756852026623,0.00776336289025571,0.9640527157774006,0.0014039963498623605
-0.009999999999999995,-0.07,False,,0.947791780394713,0.973545982681205,37101.12142002902,16,-10.883907475505234,1.3490446279620367,-6.6096442868376375,2.0640095284603737,0.00781371569892543,0.970305516610142,0.0015212539114210395
-0.009999999999999995,-0.06,False,,0.9582045280205502,0.9788792203436286,36898.98300094398,16,-11.573229523164239,1.2461209987141586,-7.3172050816906,1.753701277669341,0.007862958865731398,0.9764205223575042,0.0016433680013266596
-0.009999999999999995,-0.05,False,,0.9685679178147637,0.9841584820620933,36701.04802201762,16,-12.365038521275899,1.1375480874097255,-7.993828760257935,1.5006978161016613,0.007911008348226733,0.9823872966467067,0.0017696972049140729
-0.009999999999999995,-0.04,False,,0.9788712279949984,0.9893792134439647,36507.3848536869,16,-13.280183543150875,1.02379384318133,-8.62634069152559,1.2973048968795948,0.00795777843208081,0.9881951954908087,0.001899581364731997
-0.009999999999999995,-0.03,False,,0.9891033760983041,0.9945367645785168,36318.06183328407,16,-14.348101158817563,0.9053502642961246,-9.194568376485211,1.1382018545726649,0.008003181917557275,0.9938333904455087,0.0020323438723432023
-0.009999999999999995,-0.020000000000000004,True,,0.9992529325230248,0.9996263964717143,36133.14718271238,16,-15.297799992256264,0.8115806633786506,-9.671398387870596,1.0198499707375979,0.008047130325843388,0.9992908942310784,0.002167294261303653
-0.009999999999999995,-0.009999999999999995,True,,1.0093081365216745,1.0046432881981915,35952.70892240444,16,-14.719319670176844,0.8674724823367808,-10.024938997947784,0.9401176942681123,0.008089534125332429,1.0045565888320611,0.002303731100979071
-0.009999999999999995,0.0,True,,1.019256914727213,1.0095825447813631,35776.81478165709,16,-14.002489627255937,0.9421004457698279,-10.223678823515092,0.898065978320962,0.00813030297778435,1.00961925606545,0.0024409451894373256
-0.009999999999999995,0.009999999999999995,False,,1.0290869022803721,1.0144392058080032,35605.53210546261,16,-13.314245455653907,1.01978687433366,-10.24407700495891,0.8938577831507332,0.008169346004087405,1.0144676105829067,0.0025782230363030883
-0.009999999999999995,0.020000000000000004,False,,1.0387854666087353,1.0192082547785488,35438.92775798293,16,-12.687311641437198,1.096114968704667,-10.07766091580137,0.9287739693501817,0.008206572069143372,1.0190903352477496,0.0027148506268386712
-0.009999999999999995,0.03,False,,1.0483397338891651,1.0238846291888384,35277.06802284185,16,-12.113556521604242,1.1709648660301675,-9.733658083871063,1.005333878925358,0.00824189008514907,1.0234761187963841,0.0028501174483588397
-0.009999999999999995,0.039999999999999994,False,,1.0577366182039651,1.028463231333024,35120.01850043878,16,-11.586495285081988,1.2442192790185633,-9.235461948282772,1.1275347402755804,0.008275209332347084,1.027613695669059,0.002983320759673942
-0.009999999999999995,0.05,False,,1.0669628533778823,1.0329389398110047,34967.84400251733,16,-11.090796919627628,1.3172913640507018,-8.613181044072192,1.3012418491469235,0.008306439796019062,1.0314918878576205,0.0031137700778384628
-0.009999999999999995,0.06000000000000001,False,,1.0760050274579231,1.0373066217169942,34820.608444251586,16,-10.505372670631543,1.4091364766582022,-7.896290755663417,1.5347832505319146,0.008335492518291807,1.0350996485927164,0.003240791849273948
-0.009999999999999995,0.06999999999999999,False,,1.0848496197710888,1.0415611454787899,34678.37473414314,16,-9.970612639205775,1.4986183935755333,-7.108985832695211,1.8398293525310907,0.008362279963037598,1.0384261076570391,0.0033637342725509455
-0.009999999999999995,0.08,False,,1.093483040466819,1.0456973943100456,34541.20466205112,16,-9.480713253537571,1.5855722193322812,-6.2685189708766655,2.232668419632947,0.008386716391897675,1.041460618079839,0.003481972228430561
0.0,-0.08,False,,0.9210292856995,0.9597027069355906,37636.28824885766,16,-10.296150917318075,1.4434912138350928,-5.835825915207936,2.466570511186371,0.00769890075587366,0.9560478219453958,0.0012615149797689236
0.0,-0.07,False,,0.9311185045014014,0.9649448194075149,37431.82717288918,16,-10.94335046351356,1.339843789315728,-6.513186600798183,2.1103644698743604,0.007747593061904728,0.962094421921501,0.0013692410871673807
0.0,-0.06,False,,0.941166176622073,0.9701371947421009,37231.48427582845,16,-11.610196404331166,1.2408288154543212,-7.165191403602076,1.8161720432404829,0.007795178918775473,0.9680036232814447,0.0014817887957168775
0.0,-0.05,False,,0.9511623666847288,0.9752755337260998,37035.32638970193,16,-12.374564493546353,1.1363012017131038,-7.784223024891579,1.5749030500067454,0.007841577554910386,0.9737653958285422,0.0015985430923997047
0.0,-0.04,False,,0.9610967958962242,0.9803554436510383,36843.420358763055,16,-13.255457205207144,1.0267124548350277,-8.357421848403384,1.380174317468156,0.007886706692605858,0.9793695223354482,0.001718872105977992
0.0,-0.03,True,,0.9709588532834943,0.9853724439436564,36655.832962893546,16,-14.279419607832653,0.9125374785225719,-8.866212909125958,1.2275942220041252,0.007930482729068494,0.984805621025456,0.001842129335196691
0.0,-0.020000000000000004,True,,0.9807376091201523,0.990321972451461,36472.63083744938,16,-14.643062600800532,0.8751219168791154,-9.286776076137217,1.1142907335617827,0.007972820935771308,0.9900631703285065,0.001967656154294093
0.0,-0.009999999999999995,True,,0.9904218306247302,0.9951993923956798,36293.88038962558,16,-14.083399644044947,0.9333654235639248,-9.592200619406801,1.0386185253034887,0.008013635676164445,0.9951315359164583,0.002094784594381845
0.0,0.0,True,lfm,1.0,1.0,36119.64771143685,16,-13.484433813006527,1.0,-9.756761265557056,1.0,0.008052840641598552,1.0,0.0022228403990407195
0.0,0.009999999999999995,False,,1.0094603348688598,1.0047190327991502,35949.998489435806,16,-12.8154283644657,1.0800659441250158,-9.761657960241116,0.9988731297771873,0.008090349105144841,1.004657792847971,0.002351146343760293
0.0,0.020000000000000004,False,,1.0187908111464126,1.0093516786266383,35784.99791131531,16,-12.204904484723576,1.1587145659317062,-9.600085539971847,1.0367345513709576,0.00812607419280401,1.0090941264660267,0.002479025808886644
0.0,0.03,False,,1.0279791883700655,1.0138930852757926,35624.71056956841,16,-11.645314609942947,1.2358221079379452,-9.279027955582613,1.116280481395933,0.008159929171365054,1.0132982303428824,0.0026058065901158494
0.0,0.039999999999999994,False,,1.0370130374898803,1.0183383708227243,35469.20036240556,16,-11.13060793386003,1.3112674899794943,-8.816725272626071,1.2416625980503535,0.008191827751994347,1.017259389149939,0.0027308249250885502
0.0,0.05,False,,1.0458797710999974,1.0226826345939377,35318.53039215668,16,-10.655861496731562,1.3849325283993854,-8.237264204340246,1.4188931959218367,0.008221684408378624,1.0209669822482113,0.002853429712555699
0.0,0.06000000000000001,False,,1.0545666760689838,1.0269209687551344,35172.762861413,16,-10.156775021502636,1.4668406590557685,-7.564963080235754,1.6564556727846411,0.008249414708031066,1.0244105248298434,0.002972986893143759
0.0,0.06999999999999999,False,,1.063060948502474,1.031048470491312,35031.95896719116,16,-9.631742977124667,1.5582406935728796,-6.820475271600245,1.966204109154917,0.008274935655135937,1.0275797104924824,0.0030888839594354163
0.0,0.08,False,,1.0713497309458124,1.035060254741632,34896.178793429666,16,-9.150365903859974,1.6470371514451092,-6.019057854591918,2.3646689082033934,0.008298166043076377,1.0304644550161028,0.0032005345554962147
0.009999999999999995,-0.08,False,,0.9050314151435569,0.9513313908116124,37967.47175621103,16,-10.317737237484717,1.4399082790305142,-5.735202548012454,2.524386632413205,0.007634614718796556,0.9480647958384315,0.0011288760174550001
0.009999999999999995,-0.07,False,,0.9147713341333302,0.9564367904536767,37764.80377161552,16,-10.995477484969642,1.3318270041277993,-6.360323524230942,2.185967869296864,0.007681693982792634,0.9539110886053442,0.0012273374217035664
0.009999999999999995,-0.06,False,,0.92446746264448,0.9614923102367902,37566.236699845824,16,-11.636339302730823,1.2370997681719347,-6.959143235729006,1.904415918563569,0.007727671190471709,0.959620528258424,0.0013305974854276178
0.009999999999999995,-0.05,False,,0.9341102660021625,0.9664938002916328,37371.8359088677,16,-12.369187375617122,1.1370048621850755,-7.523946011683318,1.6721742268544575,0.007772468741058884,0.9651834783503164,0.0014380668902817522
0.009999999999999995,-0.04,False,,0.9436898925725681,0.9714370245016236,37181.66674774139,16,-13.211043119263593,1.0319758512136246,-8.042572740848318,1.4839485797156597,0.007816007681106242,0.9705901344590253,0.00154914120756295
0.009999999999999995,-0.03,True,,0.953196184983909,0.9763176660205986,36995.794471954985,16,-14.185398204516641,0.9224690000346802,-8.498279650813995,1.3361282961970131,0.007858207879910184,0.9758305459712,0.0016632030591313845
0.009999999999999995,-0.020000000000000004,True,,0.9626186933819163,0.9811313334013527,36814.28416542206,16,-14.049907100496611,0.9369714019133614,-8.870406258430446,1.2264094851069571,0.007898988221823371,0.9808946399633905,0.0017796245332233557
0.009999999999999995,-0.009999999999999995,True,,0.9719466907893399,0.9858735673448903,36637.20065922108,16,-13.506005162437553,0.9975195879365673,-9.136332065596102,1.1535672557136263,0.007938266815423914,0.9857722471766317,0.0018977698547429185
0.009999999999999995,0.0,False,,0.9811691906275081,0.9905398480765466,36464.60844717638,16,-13.002736824829121,1.0570240029749862,-9.274902664614222,1.1173413213951715,0.007975961219365028,0.9904531300624045,0.0020169983041901747
0.009999999999999995,0.009999999999999995,False,,0.9902749664448555,0.9951256033510822,36296.571598403316,16,-12.363662673157895,1.1377282897174514,-9.270731618943714,1.1184149524448486,0.008011988684542682,0.9949270128549619,0.0021366673773170215
0.009999999999999995,0.020000000000000004,False,,0.999252573882494,0.999626217084413,36133.153666963844,16,-11.767049244458942,1.2186226009641585,-9.117873462309339,1.1584806396516425,0.008046266412053192,0.9991836136044466,0.002256136174149869
0.009999999999999995,0.03,False,,1.0080903748903975,1.0040370386048503,35974.41759880348,16,-11.219506177793905,1.2979153889877786,-8.821149120386476,1.2403984489865003,0.008078711826214374,1.003212678080599,0.0023747690008418835
0.009999999999999995,0.039999999999999994,False,,1.0167765641896545,1.0083533925116008,35820.42563616535,16,-10.715336194842173,1.3754819032831942,-8.394418882801366,1.3684667139826237,0.008109242861729097,1.0070040154326645,0.002491939164330103
0.009999999999999995,0.05,False,,1.0252991979566,1.0125705891228522,35671.23921970299,16,-10.249886056533068,1.4512003946581327,-7.856691563801873,1.548841476723853,0.00813777826386036,1.0105475354650688,0.0026070329373280698
0.009999999999999995,0.06000000000000001,False,,1.033646224683651,1.0166839354901065,35526.91888853824,16,-9.81930842420014,1.5249523355760972,-7.227835436727462,1.7901630256274874,0.008164237900294153,1.0138332873644806,0.002719453663868656
0.009999999999999995,0.06999999999999999,False,,1.0418055181493804,1.0206887469495196,35387.52417853709,16,-9.327292985838197,1.6138272387103552,-6.525320237169213,2.104476608311624,0.008188543083138556,1.01685149968559,0.002828625974892688
0.009999999999999995,0.08,False,,1.0497649124071566,1.0245803591749925,35253.11351910058,16,-8.853136047585593,1.7043739521097148,-5.762499866897973,2.508569512665126,0.00821061689932019,1.0195926213796673,0.002934000077519018
0.020000000000000004,-0.08,False,,0.889343159997283,0.9430499244458286,38300.886066728766,16,-10.331538620663514,1.4376221636441087,-5.606366355285912,2.6003960101955403,0.007570550618973745,0.9401093298514511,0.001006311864736173
0.020000000000000004,-0.07,False,,0.8987465784484892,0.9480224567216164,38099.99167777443,16,-11.008213761106525,1.329875553320543,-6.183648204415179,2.2767288253011384,0.007616063725266717,0.945761137495311,0.0010957744121758584
0.020000000000000004,-0.06,False,,0.908104235767671,0.9529450329204046,37903.18062810426,16,-11.652486632768301,1.23480209888097,-6.734473040155474,2.0055284286175157,0.007660480271394809,0.9512767745363137,0.001190023834015119
0.020000000000000004,-0.05,False,,0.9174069842354364,0.957813647968871,37710.51685057086,16,-12.350067430765325,1.1395104679320873,-7.251238902891542,1.7805420568111725,0.007703725727219266,0.956646985838033,0.0012884957760039399
0.020000000000000004,-0.04,False,,0.9266453837623096,0.962624217315516,37522.064229969445,16,-13.148625536428247,1.0394184318389004,-7.72259290913317,1.5974116066116442,0.007745724351796159,0.9618623659065196,0.0013906123917941133
0.020000000000000004,-0.03,True,,0.9358097130377699,0.9673725823268767,37337.88653029239,16,-14.068553351185829,0.9349621357318705,-8.133486150466302,1.4532071015422965,0.0077863993630507165,0.9669133799604228,0.0014957844337737012
0.020000000000000004,-0.020000000000000004,True,,0.9448899825678925,0.9720545162530199,37158.047318855446,16,-13.51027715723105,0.9970290969344688,-8.46589905107129,1.3461275772281225,0.007825673123016281,0.9717903869339234,0.0016034135788228784
0.020000000000000004,-0.009999999999999995,True,,0.9538759496605178,0.9766657307700101,36982.60988737659,16,-12.979687538541961,1.0598326967012897,-8.700547644864503,1.2753264356510017,0.007863467338541227,0.9764836644004751,0.0017128949871217122
0.020000000000000004,0.0,False,,0.9627571354060257,0.9812018831035872,36811.637170108894,16,-12.488132162161001,1.1215408137986538,-8.819625367584461,1.2408337278814334,0.007899703277256035,0.9809834353915492,0.001823620087197172
0.020000000000000004,0.009999999999999995,False,,0.9715228436894605,0.9856585837344798,36645.1916591505,16,-11.954085739296119,1.192662059001672,-8.810090047485101,1.243561081235985,0.007934301998407325,0.9852798970615546,0.0019349795804326213
0.020000000000000004,0.020000000000000004,False,,0.9801621822558917,0.9900314046816352,36483.335317077,16,-11.369294967387745,1.2757246355543546,-8.666423469188748,1.2853866340554871,0.007967184598013865,0.9893632511312574,0.0020463666519716273
0.020000000000000004,0.03,False,,0.9886640858356222,0.9943158883552159,36326.12948706421,16,-10.832019003172906,1.3571277800843993,-8.391683902337604,1.3693287807663914,0.007998272467634343,0.9932237360215069,0.002157180372233622
0.020000000000000004,0.039999999999999994,False,,0.997017341319127,0.9985075569664593,36173.63480069299,16,-10.336850816051047,1.4367431984155177,-7.9963393948035835,1.499830520959502,0.008027487565830474,0.9968516605634649,0.002266829271137858
0.020000000000000004,0.05,False,,1.0052106149536213,1.0026019224765237,36025.91108365106,16,-9.879359693484416,1.514445698352398,-7.495422758782814,1.683192745474003,0.008054752701252943,1.0002374391521562,0.0023747350607328218
0.020000000000000004,0.06000000000000001,False,,1.0132324815139566,1.006594497061233,35883.01725957044,16,-9.455871774828799,1.5901134164128872,-6.905202201403453,1.928216995312748,0.008079991826076185,1.0033716281851373,0.00248033648129913
0.020000000000000004,0.06999999999999999,False,,1.0210714553803297,1.0104808040632587,35745.011252262906,16,-9.054808423662108,1.665257005957068,-6.240444944839407,2.2471477698940525,0.008103130338316833,1.0062449636043336,0.0025830932395227734
0.020000000000000004,0.08,False,,1.028716023434237,1.0142563893977878,35611.94988663843,16,-8.586727918391325,1.7574593748690044,-5.512779851957232,2.65704029905702,0.008124095391402948,1.00884839933828,0.0026824900063289335
0.03,-0.08,False,,0.873961001399584,0.9348588136181762,38636.473428156794,16,-10.3380496537443,1.4365449109500337,-5.449420393182739,2.696088147881498,0.007506750651711226,0.9321866637883792,0.0008940334278428688
0.03,-0.07,False,,0.8830402877869433,0.939702233575585,38437.33304112825,16,-10.992106645168256,1.3323439628847489,-5.983123482030498,2.384315809054636,0.007550743828198583,0.9376497268794457,0.0009747611684183773
0.03,-0.06,False,,0.8920720949888701,0.9444956828852475,38242.25813409594,16,-11.659618689894069,1.2337886086289327,-6.490803580468243,2.12126911347599,0.007593646951453347,0.9429774273970914,0.0010602743530675478
0.03,-0.05,False,,0.9010476486345473,0.9492352967702725,38051.311233718574,16,-12.318551973626985,1.1436525218495663,-6.9651177497246906,1.9017978477868425,0.00763538846211184,0.9481608791150938,0.001150032843424899
0.03,-0.04,True,,0.9099579048218633,0.9539171372933098,37864.55479133593,16,-13.070114492159142,1.0488562393476568,-7.395554216059036,1.7223472063152507,0.0076758957209802576,0.9531910617141595,0.001243484504747421
0.03,-0.03,True,,0.9187935611464612,0.9585371986242689,37682.051112129215,16,-13.5793605152886,0.9891306623341695,-7.76859306001013,1.5805812312087215,0.007715095172892232,0.9580588411297215,0.001340067225008946
0.03,-0.020000000000000004,True,,0.9275450694828188,0.9630914128382719,37503.86228134949,16,-13.017755677967829,1.055197872114686,-8.0684117606252,1.4751458115322102,0.007752912524882334,0.9627549916774858,0.0014392111498619077
0.03,-0.009999999999999995,True,,0.9362026505669679,0.967575656249664,37330.05008769762,16,-12.498480440331976,1.1202054174367246,-8.278339110532977,1.4055367826504697,0.007789272938553268,0.9672702199415479,0.0015403411311836017
0.03,0.0,True,,0.944756310420237,0.9719857562846469,37160.67594395816,16,-12.016906761520897,1.1840672047455625,-8.383055434583571,1.3720520375883878,0.007824101236377877,0.9715951903929309,0.0016428793814055992
0.03,0.009999999999999995,False,,0.9531958586418093,0.9763174988915283,36995.80080501031,16,-11.569203193218758,1.2466987699685632,-8.37115155490405,1.3758179492661051,0.007857322121537258,0.9757205526890343,0.0017462483273708457
0.03,0.020000000000000004,False,,0.9615109285850333,0.9805666364837391,36835.485083359585,16,-11.007978533337582,1.3299115689629628,-8.237271932769644,1.4188906709516635,0.007888860410742953,0.9796369705854444,0.0018498736489066634
0.03,0.03,False,,0.9696909994182342,0.9847288964066375,36679.788562355214,16,-10.479452951317699,1.4133477865314,-7.983002642898147,1.5044434306936965,0.00791864127932777,0.9833351523712578,0.0019531874899262904
0.03,0.039999999999999994,False,,0.9777254200554085,0.9887999899147494,36528.770307280196,16,-9.991972613933719,1.4949375819129664,-7.616106143926892,1.6370634494534677,0.007946590517737464,0.9868058827201631,0.0020556318212972885
0.03,0.05,False,,0.9856034349256944,0.9927756216415139,36382.488574522504,16,-9.541291193117937,1.5745524462817762,-7.148421616612072,1.823198542102891,0.007972634798373601,0.9900400558269299,0.002156661934715159
0.03,0.06000000000000001,False,,0.9933142115329947,0.9966514995388281,36241.00071905795,16,-9.12387909955443,1.6520673020670675,-6.593249635536191,2.0718159061772514,0.007996701951583971,0.9930287096798383,0.0022557500433512336
0.03,0.06999999999999999,False,,1.0008468697387665,1.0004233452587792,36104.363100497016,16,-8.73677297460456,1.7273607293733382,-5.963043278361769,2.3953655469763913,0.008018721249418674,0.9957630612974473,0.0023523889592737862
0.03,0.08,False,,1.008190512681953,1.0040869049449619,35972.630987968834,16,-8.349216155990225,1.806179392245638,-5.267880920075302,2.811175987741096,0.008038623695612666,0.9982345427385654,0.0024460958183423562
0.039999999999999994,-0.08,False,,0.8588811860943809,0.9267584292006094,38974.17770733679,16,-10.337863575309312,1.436575686484064,-5.254918359412607,2.8195791512535493,0.007443253558387855,0.924301608545219,0.0007922312769099034
0.039999999999999994,-0.07,False,,0.8676482858066605,0.9314764011002429,38776.77165924224,16,-10.966638400747996,1.3362563148874156,-5.748149750070861,2.5168721289839437,0.00748577230714191,0.9295815775209386,0.0008644856744534255
0.039999999999999994,-0.06,False,,0.8763664215696948,0.9361444448212545,38583.412967144686,16,-11.658850795523591,1.2338976891315572,-6.216243504468302,2.25970515371763,0.007527208432211687,0.9347271065229321,0.0009415336683584925
0.039999999999999994,-0.05,False,,0.8850271789363361,0.9407588314421163,38394.16278034617,16,-12.27614555268995,1.1492497369459367,-6.652228412572223,2.0438700761612436,0.007567493245804807,0.939729665916076,0.0010228585759975938
0.039999999999999994,-0.04,True,,0.8936218951294121,0.9453157647735555,38209.08214737019,16,-12.977594294761964,1.060088140373137,-7.04646145381674,1.866508539319152,0.007606557101053804,0.9445806069675113,0.00110793309801876
0.039999999999999994,-0.03,True,,0.9021416699102957,0.9498113864922317,38028.23194700906,16,-13.117745450108602,1.0431203502548012,-7.386835681558481,1.7258083201535652,0.007644329550016837,0.9492711814671372,0.0011962212650167775
0.039999999999999994,-0.020000000000000004,True,,0.9105773780718281,0.9542417817680319,37851.67281662504,16,-12.56715376155839,1.111383647830452,-7.659422723416547,1.6208165187869634,0.007680739514841258,0.9537925629826658,0.0012871805824558298
0.039999999999999994,-0.009999999999999995,True,,0.9189196835970367,0.9586029853891739,37679.46507779025,16,-12.057536028552251,1.1785415251690285,-7.849684854951265,1.5513423236682813,0.007715715471929546,0.9581358697293079,0.0013802643693856548
0.039999999999999994,0.0,True,,0.9271590555154335,0.9628909883862418,37511.66865936882,16,-11.584501791776066,1.2445048718087042,-7.944233680050977,1.5179335448252709,0.007749185648828326,0.962292189019408,0.0014749242866011509
0.039999999999999994,0.009999999999999995,False,,0.9352857854778771,0.9671017451529478,37348.34301816352,16,-11.144404954097471,1.309186272769712,-7.932840375102193,1.521920927878394,0.0077810782334237095,0.9662526032402777,0.0015706130433343255
0.039999999999999994,0.020000000000000004,False,,0.9432900070589852,0.9712311810578289,37189.54705726877,16,-10.68005804730755,1.3810798479104356,-7.810137807712104,1.5655334297093888,0.007811321594893774,0.9700082172920245,0.0016667872719090108
0.039999999999999994,0.03,False,,0.9511617167830204,0.9752752005372742,37035.33904229157,16,-10.158972752867875,1.4664695613266039,-7.5764045227416235,1.6520975010142473,0.007839844515717693,0.9735501873983964,0.0017629105550612239
0.039999999999999994,0.039999999999999994,False,,0.9588907968550067,0.9792296956562371,36885.776515622354,16,-9.678040794775686,1.5499570038468238,-7.237106440224106,1.7863455915262927,0.007866576433889168,0.9768697511847931,0.0018584565891001325
0.039999999999999994,0.05,False,,0.966467039563745,0.983090555118777,36740.91620895786,16,-9.233168855826172,1.6314104800725922,-6.8013641267796014,1.974875462815459,0.00789144769435257,0.9799582589015514,0.001952912460889682
0.039999999999999994,0.06000000000000001,False,,0.9738801733074435,0.9868536737062104,36600.81395429835,16,-8.820947445532067,1.7107018237444953,-6.279901422147503,2.226824466563262,0.007914389808492924,0.9828072056473547,0.0020457820164511776
0.039999999999999994,0.06999999999999999,False,,0.9811198901759954,0.9905149621161689,36465.52459366151,16,-8.438508797548348,1.7877066298927493,-5.6831024790756,2.554852774702105,0.007935335720398699,0.9854082644336883,0.002136589294601109
0.039999999999999994,0.08,False,,0.9881758750067284,0.9940703571713264,36335.10188777482,16,-8.083420053161742,1.8623044798954067,-5.0196107367280876,2.9765628211352753,0.00795422007843694,0.9877533199089812,0.0022248819951737734
0.05,-0.08,False,,0.8440997554851549,0.9187490165900342,39313.944351740436,16,-10.331663989098432,1.4376014137672997,-5.054562079936083,2.9527040419854234,0.007380094811956848,0.916458569145588,0.0007010768044594037
0.05,-0.07,False,,0.8525661992577476,0.9233451138430027,39118.25293698182,16,-10.932709339936546,1.341486244024216,-5.512178766139563,2.657408072500258,0.007421183849741425,0.9215609969239701,0.0007651160424780669
0.05,-0.06,False,,0.8609824094814483,0.9278913780618119,38926.59050985462,16,-11.611740161817439,1.2406083004999522,-5.945930331604651,2.4048228698225547,0.007461198532223429,0.9265300114944683,0.0008339658720335218
0.05,-0.05,True,,0.8693403184261017,0.9323842118065394,38739.01687100996,16,-12.224478911375932,1.156106239509151,-6.349213143010073,2.1915673024080786,0.007500072944952579,0.9313574276149783,0.000907132297784998
0.05,-0.04,True,,0.8776316297020709,0.9368199558624223,38555.591696577016,16,-12.873272311879017,1.0728971090049348,-6.7131361639424325,2.0154058283434195,0.007537740325579859,0.9360349547515147,0.0009841119790720736
0.05,-0.03,True,,0.8858478289345447,0.9411948942352719,38376.37447107524,16,-12.695410975121542,1.0950933504938287,-7.026738940276312,1.8750041466624556,0.007574133216003211,0.9405542159716308,0.0010643941031201526
0.05,-0.020000000000000004,True,,0.8939801959429908,0.9455052596062017,38201.42441775576,16,-12.154221433759776,1.1654955480954845,-7.277560315940757,1.7697833092032247,0.0076091836265960305,0.9449067683382777,0.0011474624400318453
0.05,-0.009999999999999995,True,,0.9020198184600245,0.9497472392484353,38030.80042645816,16,-11.652866774857022,1.2347480583627304,-7.452652832990027,1.6998509537384756,0.007642823212353258,0.9490841247835866,0.0012327975752321602
0.05,0.0,True,,0.909957607414906,0.9539169814060896,37864.560979086345,16,-11.187153289208032,1.3027588321786066,-7.540016144415244,1.6659981396557926,0.007674983460622626,0.9530777774212953,0.0013198793133457306
0.05,0.009999999999999995,False,,0.9177843137967759,0.9580106021317175,37702.76407282468,16,-10.753588982164553,1.3694375799108802,-7.53022381155456,1.669758817028448,0.007705595890033125,0.9568792222496413,0.0014081892441228777
0.05,0.020000000000000004,False,,0.9254905471016304,0.9620241925760653,37545.467141234025,16,-10.349236613490858,1.4346959091565783,-7.417825733848876,1.7135372631117578,0.007734592260043993,0.9604799851731097,0.0014972134586765321
0.05,0.03,False,,0.9330667953549514,0.9659538267199688,37392.72697338564,16,-9.868197778279859,1.516393107455164,-7.202062644794668,1.8008181620880919,0.007761904790446214,0.9638716492600821,0.0015864454027820947
0.05,0.039999999999999994,False,,0.940503446688918,0.9697955695345891,37244.5996312098,16,-9.392813754974664,1.6016993631623915,-6.88661782448376,1.936485922169318,0.007787466390002389,0.9670458831352852,0.0016753888493546455
0.05,0.05,False,,0.9477908124393077,0.9735454855523227,37101.14036525479,16,-8.952870352317577,1.6849156844107145,-6.478481754805802,2.1272961351598467,0.007811210893261446,0.969994470387391,0.0017635609707618973
0.05,0.06000000000000001,False,,0.9549191517126734,0.977199647826724,36962.4035290704,16,-8.54505784688328,1.7659109450423522,-5.986314393207982,2.382564613498211,0.00783307330446939,0.9727093398578,0.0018504954895641151
0.05,0.06999999999999999,False,,0.9618786973592367,0.9807541472556905,36828.44249244879,16,-8.166588070537316,1.8445578787689367,-5.418793188425432,2.7151686323740707,0.007852990047350785,0.9751825966584513,0.0019357458816884746
0.05,0.08,False,,0.9686596832714035,0.9842051022380465,36699.30955377298,16,-7.815092452649388,1.9207333095368375,-4.783337665595841,3.142985373851318,0.007870899219405762,0.9774065537503702,0.0020188886062071074
0.06000000000000001,-0.08,False,,0.8296125725700271,0.9108307046702077,39655.72035092406,14,-10.320215630668834,1.4394974806058314,-4.793454171424847,3.1356725879659066,0.007317306796813969,0.9086615670767112,0.0006207233762441533
0.06000000000000001,-0.07,False,,0.8377894855125011,0.9153084100523173,39461.72384603384,14,-10.891314379421825,1.3478947187281138,-5.214615341531905,2.8458669520941573,0.007357010004676664,0.9135919027967055,0.0006768017528657909
0.06000000000000001,-0.06,False,,0.8459150934800441,0.9197364260917603,39271.73773569045,14,-11.534835215893636,1.251641429320428,-5.613121079343644,2.5963546728947535,0.007395647885041322,0.9183899463796203,0.0007377158519319446
0.06000000000000001,-0.05,True,,0.8539816625017438,0.9241112825313539,39085.820500423724,14,-12.165278228220462,1.1640128621944321,-5.982836854689939,2.3844731752382646,0.007433157199818165,0.9230478449332166,0.0008029935938096235
0.06000000000000001,-0.04,True,,0.8619812481881269,0.9284294524562041,38904.03047413092,14,-12.759430576557856,1.087051605562833,-6.315707844257403,2.208540369879754,0.007469473965232536,0.9275576529662689,0.0008721547229761656
0.06000000000000001,-0.03,True,,0.8699057061833712,0.9326873571478125,38726.42577882891,14,-12.308595497412682,1.1449642214349058,-6.601975051123769,2.0676575970132185,0.007504533598144912,0.931911350558553,0.0009447126077949306
0.06000000000000001,-0.020000000000000004,True,,0.8777467040114779,0.9368813713653815,38553.06425700109,14,-11.775439323320553,1.2174460486853862,-6.830664550361463,1.9615964709809401,0.00753827107346264,0.9361008629082015,0.0010201762062405086
0.06000000000000001,-0.009999999999999995,True,,0.885495734344422,0.9410078290558597,38384.00340162604,14,-11.281158179900801,1.2887354695265492,-6.990413017309986,1.8907531161294686,0.007570621092441041,0.9401180812312975,0.0010980521949130746
0.06000000000000001,0.0,True,,0.893144129711785,0.9450630294915705,38219.300283991295,14,-10.821722084700706,1.3587375772414019,-7.0706031119817805,1.8561617348416817,0.007601518261555062,0.9439548849741177,0.001177847252300228
0.06000000000000001,0.009999999999999995,False,,0.9006830786619777,0.9490432438313745,38059.01147941218,14,-10.393767714191252,1.4273592865262454,-7.06264296882669,1.8595669961996488,0.007630897281521043,0.9476031652858151,0.0012590704887186447
0.06000000000000001,0.020000000000000004,False,,0.908103643374863,0.9529447220982249,37903.192990992626,14,-9.994460354494425,1.4945094755843074,-6.961090124495999,1.9035623836504743,0.0076586931459196915,0.9510548496833758,0.0013412360119345588
0.06000000000000001,0.03,False,,0.9153967787144425,0.9567637005627055,37751.90017158223,14,-9.605118275991249,1.563024468781845,-6.764280846240915,1.9918106122271093,0.007684841348765319,0.9543019278275222,0.0014238656136872363
0.06000000000000001,0.039999999999999994,False,,0.9225533526983482,0.9604964095187176,37605.18764410121,14,-9.134393279657916,1.6500687014703148,-6.474241814497437,2.1293739909196505,0.007709278100229984,0.9573364783112897,0.001506491561962124
0.06000000000000001,0.05,False,,0.9295641683482597,0.9641390814339287,37463.10922042225,14,-8.698593500957202,1.7349701835870566,-6.095897354827607,2.3231988876154266,0.0077319405496244316,0.9601506963497517,0.0015886594798518244
0.06000000000000001,0.06000000000000001,False,,0.9364199868721301,0.9676879594539399,37325.717819015685,14,-8.294491612160058,1.8175949610995772,-5.635818448382395,2.5828208386841056,0.007752767014594235,0.962736922241547,0.001669931290890348
0.06000000000000001,0.06999999999999999,False,,0.9431115521153969,0.9711393062354118,37193.06538158097,14,-7.9193653163575695,1.8978130332549774,-5.100873184668329,2.921385087856143,0.007771697215394545,0.9650876704610662,0.0017498882071869555
0.06000000000000001,0.08,False,,0.9496296162042818,0.97448941307963,37065.20278890434,14,-7.570899340881876,1.975498588015284,-4.497112757759495,3.35710442730758,0.007788672512967034,0.9671956592227958,0.001828133735086079
0.06999999999999999,-0.08,False,,0.8154153468624517,0.9030035143134558,39999.45419802518,14,-10.304354546120777,1.44212851223945,-4.545805634967012,3.3196749633327367,0.0072549189826946366,0.9009142618839254,0.0005513074663983567
0.06999999999999999,-0.07,False,,0.8233134579687301,0.9073662204252096,39807.13288457055,14,-10.84352722360483,1.3553308675766393,-4.936872956978024,3.033813159887216,0.007293279363861759,0.9056778456768251,0.0005996748710157755
0.06999999999999999,-0.06,False,,0.831159374941039,0.9116794255334706,39618.80316680547,14,-11.449485550371321,1.264000987188471,-5.306922296864708,2.7860178644350135,0.007330584129670927,0.9103103433840891,0.000652910591500709
0.06999999999999999,-0.05,True,,0.8389456848845472,0.915939782346278,39434.52223345131,14,-12.100335945080436,1.172748519603594,-5.650215306120675,2.5742729661054415,0.0073667726228945785,0.9148042226043872,0.000710563693229783
0.06999999999999999,-0.04,True,,0.846664781392702,0.9201438916781994,39254.3471060382,14,-12.523240720525465,1.1170166704834128,-5.959349131050448,2.397403932928574,0.00740178353446574,0.9191518699911125,0.0007721761391129609
0.06999999999999999,-0.03,True,,0.8543088747547648,0.9242883071611178,39078.334575469904,14,-11.954166651486378,1.1926509489767942,-6.225450538334437,2.254919657965535,0.007435555044025617,0.9233456087055513,0.0008372845164068145
0.06999999999999999,-0.020000000000000004,True,,0.8618700034537262,0.9283695403521844,38906.541136339496,14,-11.427865579413359,1.2671511197061496,-6.438589968389699,2.146926268110049,0.007468024970645015,0.9273777171334354,0.000905421915744054
0.06999999999999999,-0.009999999999999995,True,,0.8693400469771493,0.9323840662394168,38739.022919083305,14,-10.939630278421621,1.3404177701835038,-6.588463520443485,2.074100396472176,0.007499130933500081,0.9312404488376221,0.0009761199581371053
0.06999999999999999,0.0,True,,0.8767107399555344,0.9363283291428998,38575.83562007593,14,-10.48556732551621,1.412353219864502,-6.6653231924542435,2.03771671222295,0.007528810522165491,0.9349260537050641,0.0010489109619206988
0.06999999999999999,0.009999999999999995,False,,0.8839736876340628,0.9401987490068591,38417.03442978454,14,-10.062421028703403,1.4828616693983878,-6.6610318091661425,2.039731231318679,0.007557001476113544,0.9384268002369682,0.001123330242856723
0.06999999999999999,0.020000000000000004,False,,0.8911203826740312,0.9439917280750034,38262.67395911654,14,-9.667442657126358,1.5518493469434211,-6.570016477321356,2.0829290587647584,0.007583641872876555,0.9417349989147609,0.0011989185345848304
0.06999999999999999,0.03,False,,0.8981422232700359,0.9477036579385119,38112.808164111084,14,-9.298291673558767,1.6192246513115802,-6.389855191971765,2.1711538914889967,0.007608670324243476,0.9448430265637413,0.0012752245173213075
0.06999999999999999,0.039999999999999994,False,,0.905030532558028,0.9513309269428951,37967.49026914057,14,-8.901165901169115,1.6949753849096,-6.121302846592661,2.309648240666599,0.007632026179724053,0.9477433516192163,0.0013518074392754075
0.06999999999999999,0.05,False,,0.9117765792778325,0.9548699279366968,37826.772688804806,14,-8.468802476139741,1.781482525971108,-5.767731352328113,2.505549524085155,0.007653649736432883,0.9504285601898578,0.0014282398132031344
0.06999999999999999,0.06000000000000001,False,,0.9183715996416792,0.9583170663416567,37690.70694871625,14,-8.067780615337018,1.8656606855401596,-5.334144624146352,2.7686092409999703,0.007673482454413326,0.9528913827965779,0.00150411016843332
0.06999999999999999,0.06999999999999999,False,,0.9248068203478772,0.9616687685205739,37559.34360539037,14,-7.695431934300801,1.94737725819812,-4.826045160381758,3.1122294681700255,0.007691467176321693,0.9551247216528646,0.0015790258375324275
0.06999999999999999,0.08,False,,0.9310734826660391,0.9649214904156913,37432.73216547016,14,-7.349484848969724,2.026503920181498,-4.248444895042005,3.554934776903471,0.00770754835029538,0.9571216783404981,0.0016526157528199102
0.08,-0.08,False,,0.8015036574024812,0.895267366434453,40345.09585140938,14,-10.284978041184232,1.445349207264081,-4.285421739881819,3.524795720849398,0.007192958092371513,0.8932199719953299,0.0004929497710537927
0.08,-0.07,False,,0.8091333094428208,0.8995183763786156,40154.430037162194,14,-10.790484572384951,1.363632872504088,-4.6493351728504475,3.2414744986706783,0.0072300177377017764,0.8978220306948184,0.000533851236609808
0.08,-0.06,True,,0.8167100455833148,0.9037201146280384,39967.73683221969,14,-11.35715784642062,1.2775084997104156,-4.993965058877307,2.9941918276816115,0.007266032093311473,0.902294285544077,0.000579660435752642
0.08,-0.05,True,,0.8242267616177389,0.907869352725236,39785.072161554024,14,-11.99314687844593,1.1873106044828359,-5.313953197778092,2.781511160115071,0.007300942989033636,0.9066295129844195,0.000629946811387983
0.08,-0.04,True,,0.831676175491029,0.91196281475235,39606.49176386145,14,-12.146307147382602,1.166557991843571,-5.602480182055357,2.6027239495311996,0.007334691688892207,0.9108204191951094,0.0006842736880397923
0.08,-0.03,True,,0.839050837244202,0.915997181897522,39432.051129910324,14,-11.629494162690264,1.2380750809087953,-5.851432454689357,2.457722702044047,0.007367219025962291,0.9148596568402774,0.0007421999270493146
0.08,-0.020000000000000004,True,,0.8463431401532311,0.9199690973903586,39261.805438787116,14,-11.109021379484359,1.314530362368321,-6.051747854089216,2.3469365102606896,0.0073984655465535966,0.9187398429735898,0.0008032817194841424
0.08,-0.009999999999999995,True,,0.8535453330796866,0.9238751718060653,39095.80949212789,14,-10.625933473367656,1.3897126699639748,-6.193978384476693,2.271319806639503,0.007428371663473122,0.9224535780703754,0.0008670745145643307
0.08,0.0,True,,0.8606495340435117,0.9277119887354651,38934.11764643723,14,-10.176450870273568,1.4635216357257859,-6.2690577793411535,2.232391440285507,0.007456877818049022,0.9259934661477137,0.0009331350747975798
0.08,0.009999999999999995,False,,0.8676477450201963,0.9314761108156216,38776.783743610635,14,-9.757407832162993,1.5358588304376466,-6.269182607336575,2.232327276232003,0.007483924650481105,0.9293521359185232,0.0010010236509928098
0.08,0.020000000000000004,False,,0.8745318679557759,0.9351640861131141,38623.861039791846,14,-9.366127647850494,1.6066279140436857,-6.1886346498322045,2.27411625030612,0.007509453178009631,0.9325222629165234,0.0010703062645333501
0.08,0.03,False,,0.8812937219836677,0.9387724548492397,38475.40213271108,14,-9.000328127190798,1.6757347827886675,-6.024333244562092,2.3617982806021556,0.00753340498027753,0.9354965925144757,0.0011405570859986326
0.08,0.039999999999999994,False,,0.8879250618173099,0.9422977564535054,38331.458887665365,14,-8.658048982451643,1.7430877128542408,-5.775947394270368,2.500813972298199,0.007555722391171719,0.9382679637469951,0.0012113608953226063
0.08,0.05,False,,0.8944175972820635,0.9457365369287916,38192.08236231699,14,-8.26218557892318,1.8243678560524705,-5.445517487738863,2.69851214983522,0.0075763486963235935,0.9408293338361193,0.0012823156061065922
0.08,0.06000000000000001,False,,0.9007630139388833,0.9490853565085088,38057.322730500935,14,-7.863668127761,1.9100216248452246,-5.036685737410861,2.9648829513505097,0.007595228335355165,0.9431738033061899,0.001353034836470627
0.08,0.06999999999999999,False,,0.9069529947410001,0.9523407975829872,37927.22920524612,14,-7.493579649250487,1.9931625026063797,-4.553747215384336,3.3136100978715612,0.007612307107853333,0.9452946415616924,0.0014231505067242012
0.08,0.08,False,,0.9129792426533855,0.9554994728692348,37801.84996122967,14,-7.149683723299556,2.0736597807679256,-4.000775923352322,3.7635573146004164,0.007627532381973353,0.94718531279159,0.0014923154411533794
0.09000000000000001,-0.08,False,,0.7878729739625795,0.8876220896094122,40692.5966965636,14,-10.263034741352495,1.4490052319285633,-4.00987410965915,3.7556811602443045,0.007131448262974998,0.8855816947545294,0.0004457562958196393
0.09000000000000001,-0.07,False,,0.7952441336672024,0.8917646178601181,40503.56673503116,14,-10.733370889911436,1.3726289241958494,-4.348987841362534,3.4735802948166117,0.007167248323275243,0.8900273384588531,0.00047943162063919206
0.09000000000000001,-0.06,True,,0.802561809207208,0.8958581412295186,40318.49022643755,14,-11.259354734387694,1.2919745355738745,-4.67060731727667,3.225636277699723,0.0072020139663171836,0.8943445284529469,0.0005180603168877396
0.09000000000000001,-0.05,True,,0.8098191929901783,0.8998995460551018,40137.421859778566,14,-11.847719752760169,1.2073569961367805,-4.9697408776988965,3.0109395668088603,0.007235689417054404,0.8985263386036735,0.000561231444242303
0.09000000000000001,-0.04,True,,0.8170093140786784,0.9038856753365873,39960.41612008807,14,-11.748759356927279,1.2211913595085464,-5.240101042551744,2.8292154581726283,0.007268218413385693,0.9025657822955372,0.0006085288454319137
0.09000000000000001,-0.03,True,,0.8241250478586772,0.9078133331575811,39787.527228537736,14,-11.332353818485352,1.2811618553527013,-5.474242626476036,2.680722527181025,0.007299544335427282,0.9064558284836821,0.0006595327292291705
0.09000000000000001,-0.020000000000000004,True,,0.8311591268122545,0.9116792894501083,39618.809080573614,14,-10.816803958634459,1.3595071397385614,-5.663846301049878,2.5662058841439013,0.00732961034331672,0.9101894188063474,0.0007138213809238125
0.09000000000000001,-0.009999999999999995,True,,0.838104152408291,0.9154802851008267,39454.31518217654,14,-10.338069010388448,1.4365417095902628,-5.8001803819425515,2.486898660202856,0.007358359523306168,0.9137594857267006,0.000770972993986891
0.09000000000000001,0.0,True,,0.8449526081179074,0.9192130373955253,39294.09858434704,14,-9.892463971005464,1.5121625984513754,-5.874735155107165,2.444570750273273,0.007385735041808318,0.9171589716622272,0.0008305676186653586
0.09000000000000001,0.009999999999999995,False,,0.8516968735538846,0.9228742457961889,39138.21181592888,14,-9.476897982108182,1.5862688338909856,-5.879963747741632,2.4416294341532745,0.007411680306985447,0.9203808490508226,0.0008921892159308708
0.09000000000000001,0.020000000000000004,False,,0.8583292397251521,0.9264605980424381,38986.70681489936,14,-9.08875439604376,1.6587615918660121,-5.8099983787446625,2.4812829348975938,0.007436139137372504,0.9234181412903723,0.0009554278094128613
0.09000000000000001,0.03,False,,0.8648419253887671,0.9299687765665937,38839.634858268146,14,-8.725799765839833,1.7295443477259949,-5.6611724947376025,2.567786297992358,0.007459055936941043,0.9262639444781514,0.0010198817212770494
0.09000000000000001,0.039999999999999994,False,,0.8712270944726105,0.9333954652089383,38697.04649074072,14,-8.386113777640759,1.798523023615916,-5.4321988487925434,2.7068004603739197,0.007480375875923412,0.9289114498655344,0.0010851598795564297
0.09000000000000001,0.05,False,,0.87747687453244,0.9367373562170135,38558.99145231594,14,-8.068034601831428,1.8656061320391293,-5.12393755692893,2.905911414403245,0.00750004507661659,0.9313539669310744,0.001150884180810752
0.09000000000000001,0.06000000000000001,False,,0.8835833761969896,0.93999115751,38425.51860500092,14,-7.68107769869406,1.9505981398147259,-4.738807234697501,3.1753777920203445,0.0075180108033070575,0.9335849469653323,0.0012166918909479164
0.09000000000000001,0.06999999999999999,False,,0.889538713544592,0.9431536001864129,38296.67585883981,14,-7.312771381472145,2.0350876631711543,-4.279998222587101,3.529200274199511,0.00753422165536494,0.9355980070492662,0.0012822380657644564
0.09000000000000001,0.08,False,,0.8953350253444593,0.9462214462505377,38172.51009746528,14,-6.970493918473086,2.1168836798418313,-3.750705959223005,3.9866263287882417,0.0075486277624843955,0.9373869542991395,0.001347197971198417
0.09999999999999999,-0.08,False,,0.7745186765502358,0.8800674272748854,41041.90950832115,14,-10.239515072509276,1.4529341681016217,-3.7378208684299934,3.998471821128916,0.007070411200837258,0.878002125649133,0.000409819412506273
0.09999999999999999,-0.07,False,,0.7816409450043306,0.8841046007143785,40854.49581672947,14,-10.673404188492121,1.382138234723133,-4.054810205309264,3.7170217813704793,0.007104991865399406,0.8822963450558249,0.0004365028453302908
0.09999999999999999,-0.06,True,,0.7887093015694403,0.8880930703307173,40671.01626858348,14,-11.157594465912876,1.3071997837850733,-4.35610287908545,3.4678941942726476,0.007138549469363875,0.8864635210199338,0.00046819093772603647
0.09999999999999999,-0.05,True,balanced_knee,0.7957172235181451,0.8920298333117257,40491.524344359685,14,-11.697543783686982,1.2284132761669075,-4.637032648026235,3.250669839251552,0.007171030542878156,0.8904970136668009,0.0005044916150729111
0.09999999999999999,-0.04,True,,0.8026580382026142,0.8959118473391309,40316.073304212514,14,-11.380100036334559,1.2741386468895861,-4.891765455846235,3.06548772168933,0.007202381201019347,0.8943901315784162,0.0005450084093663386
0.09999999999999999,-0.03,True,,0.8095249324361955,0.8997360348658908,40144.716129793145,14,-11.004611829268383,1.3304271507544774,-5.1134096340358814,2.91296430679193,0.007232547267588331,0.8981361471661524,0.0005893419720690497
0.09999999999999999,-0.020000000000000004,True,,0.816310962895975,0.9034992877119357,39977.50546423557,14,-10.54941963321458,1.402008701250286,-5.294246414268484,2.7941613764592264,0.007261474406717277,0.9017283130137562,0.0006370917027783013
0.09999999999999999,-0.009999999999999995,True,,0.8230090675564454,0.9071984719764719,39814.49355039656,14,-10.074327456594132,1.480830387531412,-5.426109910465325,2.7105981370570054,0.007289108262026441,0.9051598791578093,0.0006878574895567009
0.09999999999999999,0.0,True,,0.8296120781579752,0.9108304332629511,39655.73216744871,14,-9.631970323696281,1.5581999083386684,-5.500916623112779,2.6643082173230526,0.007315394603004538,0.9084241112652112,0.0007412415529814758
0.09999999999999999,0.009999999999999995,False,,0.836112733706793,0.9143920022106454,39501.2725659384,14,-9.21931921545755,1.6340138370541968,-5.511297431671412,2.6579474076949583,0.007340279478206879,0.9115143096572909,0.000796850386272616
0.09999999999999999,0.020000000000000004,False,,0.8425036949956946,0.9178800003244948,39351.16540143331,14,-8.833807166576399,1.7081709521823676,-5.451231228381516,2.6949642207245947,0.007363709374777118,0.9144238291191819,0.0008542967820088443
0.09999999999999999,0.03,False,,0.8487775601266919,0.9212912460925111,39205.460666897416,14,-8.47324110656704,1.7805723920839795,-5.316542020664352,2.7798535995723603,0.007385631383732629,0.9171460994249258,0.000913201933136191
0.09999999999999999,0.039999999999999994,False,,0.8549268810084517,0.9246225613775881,39064.20762394383,14,-8.13573387728301,1.8511218060147188,-5.105126197738439,2.918525597864368,0.007405993370351011,0.9196746464960298,0.0009731975964772711
0.09999999999999999,0.05,False,,0.8609441807925869,0.9278707780680384,38927.45473312911,14,-7.819651132961242,1.919725501223772,-4.816834604001194,3.1188369164714413,0.007424744148933899,0.9220031141036001,0.0010339283026532156
0.09999999999999999,0.06000000000000001,False,,0.8668219722038532,0.9310327449686467,38795.24958346466,14,-7.5190882653238535,1.9873175938048058,-4.453029332137191,3.391354532557935,0.007441833661133736,0.924125286012921,0.0010950535976604029
0.09999999999999999,0.06999999999999999,False,,0.8725527767100454,0.9341053349114571,38667.638821333356,14,-7.152117879390483,2.073078734429048,-4.015932632686493,3.7504455383368906,0.007457213156955703,0.9260351084602348,0.0011562502984141278
0.09999999999999999,0.08,False,,0.8781291444680455,0.9370854520629618,38544.66807901102,14,-6.811054553420288,2.1561003147703044,-3.507953369055154,4.215807670078434,0.007470835377473966,0.9277267128424072,0.0012172147426120212
0.11,-0.08,False,,0.761436073307347,0.8726030445210164,41392.98841349266,14,-10.215442430618582,1.4569665099250408,-3.450542794427558,4.271907566970263,0.007009866329818579,0.870483676729888,0.0003852188827562331
0.11,-0.07,True,,0.7683186964862201,0.8765379036220967,41207.17148931095,14,-10.611823187826307,1.3919721021824731,-3.747038547665702,3.98999426806052,0.007043266810560167,0.8746313411663419,0.00040513886536888867
0.11,-0.06,True,,0.7751471085132785,0.8804243911394541,41025.26926212305,14,-11.053393275199689,1.3229761862250329,-4.029616440622945,3.7386471819345575,0.007075656012865059,0.8786534252664021,0.0004301199101478801
0.11,-0.05,True,,0.7819150601133221,0.8842596112643176,40847.3340310012,14,-11.434098267484337,1.266242182901936,-4.293930076016833,3.5178969942655822,0.007106982684281707,0.882543564511779,0.0004597880688080651
0.11,-0.04,True,,0.7886161645111113,0.8880406322410654,40673.4178595917,14,-11.037943879595385,1.3253314280559216,-4.534572852354438,3.328272229372007,0.007137195222976206,0.8862953509979574,0.0004937657508391542
0.11,-0.03,True,,0.7952439065189048,0.8917644905012224,40503.57251961844,14,-10.665441421919175,1.383405887299103,-4.745161539030306,3.1707351903172833,0.007166241796183762,0.8899023481434754,0.0005316731675109546
0.11,-0.020000000000000004,True,,0.8017916525675923,0.8954281950930473,40337.84943267676,14,-10.305331595107752,1.4419663007660237,-4.91851906878371,3.0466616063420364,0.0071940704657983525,0.8933581062856191,0.0005731298824551602
0.11,-0.009999999999999995,True,,0.8082526616885133,0.8990287324043171,40176.299610403206,14,-9.83324054881563,1.5225082801180543,-5.04698300702139,2.957861440623591,0.007220629320841701,0.8966561791303931,0.0006177564622806169
0.11,0.0,True,,0.8146200974470571,0.9025630711740078,40018.97359311883,14,-9.393561329861958,1.6015615144509836,-5.122844538134393,2.906642857156294,0.007245866616483323,0.8997901410159982,0.0006651762213081356
0.11,0.009999999999999995,False,,0.8208870408226754,0.9060281677865625,39865.92138705531,14,-8.983315317361676,1.6790202142712232,-5.13888624789589,2.895926277970712,0.007269730919215553,0.9027536049406355,0.0007150170530009843
0.11,0.020000000000000004,False,,0.8270465040230125,0.9094209718403312,39717.192400285276,14,-8.599976090382775,1.7547808493820174,-5.0889425276730815,2.929421561526495,0.0072921712577121356,0.9055402412960928,0.0007669133375574352
0.11,0.03,False,,0.8330914452125522,0.9127384319795854,39572.8353774904,14,-8.241383568343913,1.8287423072087723,-4.968370811493085,3.011889575955567,0.007313137278823782,0.9081437972392393,0.0008205079154553007
0.11,0.039999999999999994,False,,0.8390147841284828,0.9159775019772499,39432.89833371252,14,-7.905677713128638,1.900806047338734,-4.774316134285758,3.1495210340461712,0.007332579408098689,0.910558116625429,0.0008754541150307264
0.11,0.05,False,,0.8448094185485233,0.9191351470532085,39297.42848724497,14,-7.59124668256521,1.9708762520251866,-4.505688772653627,3.350481692944696,0.007350449014125426,0.9127771604165638,0.0009314178192794516
0.11,0.06000000000000001,False,,0.8504682415672222,0.9222083504106988,39166.47219183304,14,-7.2966858182551375,2.0388599724127308,-4.162849032944898,3.6256946293275774,0.007366698575951609,0.9147950274711087,0.0009880795580933573
0.11,0.06999999999999999,False,,0.8559841596288956,0.9251941199709905,39040.074868363175,14,-7.010858885736377,2.107068945272782,-3.7470804713735055,3.9899557516728086,0.007381281852729195,0.916605975610608,0.0010451366090533374
0.11,0.08,False,,0.8613501112569275,0.928089495284225,38918.28093623159,14,-6.670628098063084,2.191241708404602,-3.2600049841745795,4.463500914997027,0.007394154054711573,0.9182044428540653,0.0011023050893962123
0.12000000000000001,-0.08,False,,0.7486204169035329,0.8652285344945189,41745.78885396858,14,-10.191865262754128,1.4609267039143103,-3.167793999058952,4.559284852369785,0.006949830933114598,0.8630284942202708,0.000372022844843453
0.12000000000000001,-0.07,False,,0.755272296285026,0.8690640346286492,41561.54929005981,14,-10.54987611260368,1.4019350218362694,-3.445687008980851,4.276686597851459,0.006982089453762702,0.8670343503006043,0.0003854018071698119
0.12000000000000001,-0.06,True,,0.7618697824680136,0.8728515237244039,41381.204855227305,14,-10.948250672087248,1.339088119758089,-3.7114032342766845,4.022868190560361,0.007013348848730764,0.8709161351712231,0.0004039028461328975
0.12000000000000001,-0.05,True,,0.7684068885598745,0.8765882092293248,41204.80669388923,14,-11.113615323750459,1.3138352945306906,-3.9608846327577982,3.7982860045795395,0.007043559997403948,0.874667749044857,0.0004271694138797259
0.12000000000000001,-0.04,True,,0.7748775016544441,0.8802712659484258,41032.405701122894,14,-10.720252388825779,1.3747036039007094,-4.189099029616413,3.6038459935016283,0.007072673489630406,0.8782830561795925,0.0004548420040829933
0.12000000000000001,-0.03,True,,0.7812753916209455,0.8838978400363616,40864.052467817964,14,-10.350286517211167,1.4345225012959346,-4.390099381712797,3.440853548900727,0.007100639738969267,0.881755898941983,0.00048655952965279646
0.12000000000000001,-0.020000000000000004,True,,0.7875942207647291,0.8874650532639181,40699.79722423553,14,-10.001925442455775,1.4932255712011095,-4.55716545227576,3.311003053936915,0.007127409102456708,0.8850801126795751,0.0005219607967069805
0.12000000000000001,-0.009999999999999995,True,,0.7938275543642945,0.8909700075559752,40539.689782057714,14,-9.613543117332108,1.5615091549178095,-4.683052438062592,3.216406141870417,0.007152932006632776,0.8882495413708897,0.0005606860694434254
0.12000000000000001,0.0,True,,0.7999688720835021,0.8944097897963227,40383.77947502354,14,-9.176020598996745,1.6421796298822986,-4.760355197093724,3.1596618525265923,0.007177159079506716,0.89125805401285,0.0006023787203239004
0.12000000000000001,0.009999999999999995,False,,0.8060115802518999,0.897781476892846,40232.1150982578,14,-8.767712828468557,1.7212186740165634,-4.781968195892164,3.1439766141569363,0.007200041288068956,0.8940995616969878,0.000646686956725557
0.12000000000000001,0.020000000000000004,False,,0.8119490249997255,0.9010821410946538,40084.74484641093,14,-8.38612577555674,1.798520539297772,-4.7415842294252455,3.1733480197988153,0.0072215300809075934,0.8967680353195295,0.0006932656161688286
0.12000000000000001,0.03,False,,0.8177745062274302,0.9043088555507074,39941.71625073897,14,-8.029125741646094,1.8739819503261024,-4.634141348419323,3.2528346813290976,0.007241577535399598,0.8992575238595666,0.0007417780198038224
0.12000000000000001,0.039999999999999994,False,,0.823481292382533,0.9074587000974386,39803.076115263975,14,-7.694874396536758,1.947502262228149,-4.456114467112351,3.3889462424397068,0.007260136508895287,0.9015621731531115,0.0007918978707454995
0.12000000000000001,0.05,False,,0.8290626360093737,0.9105287672607459,39668.87045216591,14,-7.3817779263578345,2.0189836144334263,-4.205569712233977,3.5902042387677726,0.007277160793244054,0.9036762450820683,0.000843311187802552
0.12000000000000001,0.06000000000000001,False,,0.8345117900298479,0.9135161684556261,39539.14441656799,14,-7.088446772651883,2.088331080075641,-3.881956383480048,3.8679467650083366,0.00729260527194564,0.9055941370892446,0.0008957182568222374
0.12000000000000001,0.06999999999999999,False,,0.8398220247056696,0.9164180403645869,39413.94224088719,14,-6.813663426885053,2.155452810776741,-3.4856879934727836,4.237476738862264,0.007306426079151081,0.9073104019230533,0.0009488355876255842
0.12000000000000001,0.08,False,,0.8449866452250684,0.9192315514738756,39293.307168931926,14,-6.5485859389664824,2.2222473332178327,-3.0176367115489064,4.719678929104403,0.007318580759680884,0.9088197675085358,0.0010023978582878671
0.13,-0.08,False,,0.7360669195174179,0.8579434244269362,42100.26755034925,14,-10.169850234056799,1.4646342270383255,-2.8808989891127927,4.870642204570139,0.00689032028859063,0.8556384753222742,0.00037028876290376574
0.13,-0.07,False,,0.7424966227163187,0.86168243727972,41917.58604882841,14,-10.488811298752559,1.411825838009927,-3.1415393296986527,4.586930856176908,0.006921474078386029,0.8595071461655128,0.00037734296516720714
0.13,-0.06,True,,0.7488718574272024,0.8653738252496446,41738.78000182984,14,-10.843637746596468,1.355313621874085,-3.391687241691091,4.330194483292316,0.006951641214597574,0.8632532945812297,0.00038958440051685693
0.13,-0.05,True,,0.7551868884180775,0.8690148953948243,41563.899425482705,14,-10.816286633430128,1.3595881133961616,-3.6275599020327465,4.1012867632276295,0.006980774625189087,0.8668710751742068,0.00040667321009884227
0.13,-0.04,True,,0.7614358650619365,0.8726029251967566,41392.994073785056,14,-10.425272299148318,1.4221914902580104,-3.8444729454113307,3.901475032705135,0.007008827003013039,0.8703546133531498,0.0004282671989675526
0.13,-0.03,True,,0.7676128298248499,0.8761351664126089,41226.113385370714,14,-10.0574419655867,1.4837119425117395,-4.036877756425115,3.732401462359227,0.007035750914007021,0.8736980187665018,0.00045402314827678073
0.13,-0.020000000000000004,True,,0.7737117275593063,0.8796088491820135,41063.30642879057,14,-9.711031747323212,1.54408108639029,-4.198466896899248,3.59608076334524,0.007061498911332156,0.8768953994761273,0.00048359821535292523
0.13,-0.009999999999999995,True,,0.7797264156050283,0.8830211863851446,40904.621846392096,14,-9.384507117285823,1.603231860210508,-4.322370548364351,3.494934748279498,0.0070860236552074815,0.879940876838319,0.0005166514168508017
0.13,0.0,True,,0.7856506746943562,0.886369378247216,40750.107796890494,14,-8.97829553739114,1.6799908400012487,-4.401455526523109,3.4318679895839805,0.007109278038115079,0.882828601051744,0.0005528451872626142
0.13,0.009999999999999995,False,,0.7914782206537504,0.8896506171828076,40599.81189673575,14,-8.571494322165453,1.7605443688678504,-4.428716428589498,3.4103934355717995,0.007131215315012982,0.8855527673272545,0.0005918470073155425
0.13,0.020000000000000004,False,,0.7972027168871098,0.8928620928716314,40453.78116039007,14,-8.191270047214065,1.8393237908369988,-4.39771776472451,3.434822903172218,0.007151789238108919,0.8881076326240616,0.0006333310923714414
0.13,0.03,False,,0.802817787620447,0.8960009975554977,40312.06193964045,14,-7.835509406194517,1.9162237577585133,-4.30301478356115,3.510545838885005,0.0071709541957120275,0.8904875328923108,0.0006769801310859445
0.13,0.039999999999999994,False,,0.8083170318810333,0.8990645315443343,40174.699862081856,14,-7.502390861304251,1.9911416074043748,-4.140462903596511,3.644431873143959,0.007188665354598827,0.8926869007520581,0.0007224870648718803
0.13,0.05,False,,0.8136940381775287,0.9020499089171999,40041.73976891595,14,-7.190334554943695,2.0639775203815933,-3.9073348618208854,3.8454099027820763,0.007204878805282512,0.8947002835327792,0.0007695568936248459
0.13,0.06000000000000001,False,,0.818942399840825,0.9049543634022795,39913.22565222063,14,-6.897962626344185,2.134634672577541,-3.602206108071653,4.125299800123772,0.00721955170952007,0.8965223615907705,0.0008179084973390941
0.13,0.06999999999999999,False,,0.8240557309784924,0.9077751544179277,39789.20059185476,14,-6.624067448331772,2.203019382891484,-3.2246344183095292,4.500001771315373,0.007232642449320959,0.8981479668130155,0.0008672764578312715
0.13,0.08,False,,0.8290276829888624,0.9105095732549232,39669.70669217129,14,-6.367585965856897,2.2690412560136966,-2.774730886989973,4.991177764441071,0.007244110776699968,0.8995721012134613,0.0009174128660478349
0.14,-0.08,False,,0.7237707664964603,0.8507471813038585,42456.382466151386,14,-10.134470111203226,1.4706122697260868,-2.591143243410588,5.206690972718842,0.006831347797726942,0.8483152842288043,0.00038006433676318364
0.14,-0.07,True,,0.7299865378725716,0.8543924963812426,42275.239851029466,14,-10.429869695909364,1.4214389307893271,-2.83562223870186,4.921686001225238,0.0068614330891581185,0.8520512691774899,0.00038100375446038494
0.14,-0.06,True,,0.7361478625103184,0.8579905958169463,42097.95292341764,14,-10.740988432330294,1.3714256536226874,-3.071229381166152,4.661795179342598,0.006890544470689063,0.8556663142065153,0.00038719926444182214
0.14,-0.05,True,,0.7422492464663559,0.8615388827362094,41924.57059711855,14,-10.54055175334309,1.403440816334817,-3.294444435515706,4.428245428964349,0.006918636837961589,0.8591548182664874,0.0003983270029098163
0.14,-0.04,True,,0.7482850902145711,0.8650347335307242,41755.14151207659,14,-10.151487293486998,1.4677339027125271,-3.500908508234088,4.222651846355021,0.006945664900920739,0.862511157248229,0.0004140613339732141
0.14,-0.03,True,,0.7542496968331088,0.8684755015733655,41589.713982721485,14,-9.785430964384584,1.530911700947753,-3.685441739679447,4.046988335005596,0.006971583287103083,0.8657296968090962,0.0004340760991940265
0.14,-0.020000000000000004,True,,0.7601372809349367,0.8718585211689662,41428.33594492892,14,-9.440642246876902,1.5929039100148732,-3.8421168133591435,3.903592233069128,0.006996346650355559,0.8688048058736612,0.00045804594699906746
0.14,-0.009999999999999995,True,,0.7659419783423098,0.8751811117376276,41271.05490167987,14,-9.115606083090167,1.6536415899731993,-3.9644095504053127,3.795204405802704,0.007019909784719968,0.8717308707758633,0.0004856477359887403
0.14,0.0,True,,0.7716578565007063,0.8784405822255176,41117.917867510405,14,-8.799474438957576,1.714936203496154,-4.045440190918424,3.7250500082559594,0.007042227743179187,0.8745023100048891,0.0005165620075412499
0.14,0.009999999999999995,False,,0.7772789256227011,0.8816342357365106,40968.97131185335,14,-8.393776798586071,1.7969369981875427,-4.078302365107084,3.696969690569393,0.007063255960909215,0.8771135895105833,0.0005504745197670851
0.14,0.020000000000000004,False,,0.7827991505468629,0.8847593743763684,40824.26110138268,14,-8.014551473822264,1.877128990234282,-4.056451662433153,3.7156171632475137,0.007082950382608698,0.8795592385152026,0.0005870778348326642
0.14,0.03,False,,0.788212463291107,0.8878133042994495,40683.83244148153,14,-7.659700049325435,1.955404850681004,-3.9740974925890886,3.786747760964598,0.007101267593453969,0.8818338657753833,0.0006260729503238751
0.14,0.039999999999999994,False,,0.7935127762740845,0.8907933409461952,40547.729816963816,14,-7.327413257678829,2.031659988858806,-3.8265212763676675,3.917635251869282,0.007118164953136015,0.8839321762268232,0.0006671709649607334
0.14,0.05,False,,0.7986939961721615,0.8936968144578795,40415.996932189126,14,-7.016121445979367,2.1057927122952775,-3.610243577170787,4.117672186088263,0.007133600732414392,0.8858489879415167,0.0007100947663319881
0.14,0.06000000000000001,False,,0.803750038373396,0.896521075253335,40288.67665071936,14,-6.724455312411428,2.1777043820698188,-3.322990719621214,4.399233912992215,0.0071475342515582175,0.8875792493193279,0.0007545807298464193
0.14,0.06999999999999999,False,,0.808674841983735,0.8992634997506209,40165.81093467417,14,-6.45121446480843,2.2472995633633652,-2.9634655753616785,4.77891789394139,0.0071599260199934145,0.8891180564293537,0.0008003804145024783
0.14,0.08,False,,0.8134623853344538,0.9019214962148612,40047.44078395068,14,-6.195342008613624,2.314486170958946,-2.5309950244135084,5.2793034318629966,0.007170737876442857,0.8904606704124979,0.0008472622430731961
0.15000000000000002,-0.08,False,,0.7117271287822796,0.8436392171907845,42814.092772631964,14,-10.032207030734792,1.4880288078305695,-2.3081309833679335,5.557289587269108,0.006772925108287605,0.8410603673566706,0.00040138837200444523
0.15000000000000002,-0.07,True,,0.7177368999801307,0.8471935434008753,42634.47000132029,14,-10.37427928479405,1.430565431379736,-2.537521058566269,5.271376312562633,0.0068019771384095285,0.8446680421406281,0.0003964166183052895
0.15000000000000002,-0.06,True,,0.7236923342074972,0.8507010839345964,42458.683071589694,14,-10.641693577351461,1.387193393405743,-2.7595890288906597,5.008610085316698,0.006830068229497716,0.8481563877243066,0.00039677311093763766
0.15000000000000002,-0.05,True,,0.7295881687879554,0.854159334543594,42286.779820461474,14,-10.285056700503976,1.445336118257038,-2.97105820196145,4.770570369029898,0.006857155166375776,0.8515200376564979,0.0004021493038983208
0.15000000000000002,-0.04,True,,0.735419044525978,0.8575657668808719,42118.80780037525,14,-9.897579724038744,1.5112722379855614,-3.1678667613727107,4.559208466104306,0.0068831945929395035,0.8547536079856083,0.0004122353902051348
0.15000000000000002,-0.03,True,,0.7411795135943358,0.8609178320805858,41954.81422907255,14,-9.532968461803584,1.5760618895097205,-3.3451682644154084,4.376826186078352,0.006908143110706743,0.8578517094975596,0.0004267214908841287
0.15000000000000002,-0.020000000000000004,True,,0.7468640481078972,0.8642129645567099,41794.84593819313,14,-9.1895012947432,1.6396329070208635,-3.4973774505409616,4.226086495207109,0.0069319573823073835,0.8608089605671541,0.0004452989153554496
0.15000000000000002,-0.009999999999999995,True,,0.7524670493825899,0.8674485860168255,41638.9493206647,14,-8.865678924878218,1.7019145235002842,-3.6182810909960033,4.1100586330626845,0.006954594239669764,0.8636200005926383,0.0004676614895147974
0.15000000000000002,0.0,True,,0.7579828578738632,0.8706221096858632,41487.17027697528,14,-8.560188398493176,1.7628374604258765,-3.7012288136724685,4.032303800936636,0.006976010796595397,0.8662795039752089,0.0004935069458122672
0.15000000000000002,0.009999999999999995,True,,0.7634057637842746,0.8737309447331453,41339.55416042694,14,-8.23379410961614,1.8303409033456297,-3.7394066280986706,3.997012107002644,0.006996164565382741,0.868782194601326,0.000522538367671028
0.15000000000000002,0.020000000000000004,False,,0.7687300183248832,0.8767725008945497,41196.14572147832,14,-7.855224673794156,1.9118792377555154,-3.72617565031425,4.0092077529971215,0.007015013577099542,0.8711228607781075,0.0005544656812354085
0.15000000000000002,0.03,False,,0.7739498456099516,0.8797441932800418,41056.98905129253,14,-7.500970947023626,1.991467133242719,-3.655433438595765,4.075048507011496,0.007032516505056334,0.8732963705662409,0.0005890071854786299
0.15000000000000002,0.039999999999999994,False,,0.779059455159114,0.8826434473552239,40922.12752461565,14,-7.169231718650206,2.0689981613261925,-3.521933389625821,4.202258725220292,0.007048632790991384,0.8752976874496022,0.0006258911112150891
0.15000000000000002,0.05,False,,0.7840530549756876,0.885467704083942,40791.60374211991,14,-6.8584440408042315,2.144368843850505,-3.3214900713781867,4.400754273856806,0.007063322773415203,0.8771218862730503,0.0006648571979083561
0.15000000000000002,0.06000000000000001,False,,0.788924865164227,0.8882144252173723,40665.45947235355,14,-6.567244239639933,2.2174788111143617,-3.0510149672115006,4.6835442720702,0.00707654781753619,0.8787641693765641,0.0007056582781187445
0.15000000000000002,0.06999999999999999,False,,0.7936691320448191,0.8908810987134137,40543.73559344773,14,-6.294436684482497,2.288230955106582,-2.7083705447619684,5.068028775532629,0.007088270446134372,0.880219882847116,0.000748061855875173
0.15000000000000002,0.08,False,,0.7982801427160385,0.89346524426865,40426.472034737904,14,-6.038968539102301,2.3565315776018605,-2.2920941775618835,5.577848430467347,0.007098454470709498,0.8814845328046128,0.000791851668114139
0.15999999999999998,-0.07,True,,0.7057425745685475,0.840084861528017,42995.236988010234,14,-10.323251375105347,1.4389944598348505,-2.2342924451112296,5.652582140901734,0.006743115245766448,0.8373585851101465,0.00042360589147619573
0.15999999999999998,-0.06,True,,0.7114998274020669,0.8435044916312342,42820.93109141113,14,-10.459568577963658,1.4165870319205889,-2.4433513553095105,5.386925768355508,0.006770220478497468,0.8407245070173803,0.00041832349027995765
0.15999999999999998,-0.05,True,,0.7171978916028122,0.8468753695809155,42650.487909821975,14,-10.048621845617216,1.4852193487194405,-2.6435190846789225,5.144275488737699,0.006796336526968571,0.8439675922382893,0.000418150518055784
0.15999999999999998,-0.04,True,,0.7228316379382572,0.8501950587590222,42483.9539342401,14,-9.662399968035707,1.5527505517855724,-2.8310229488989673,4.926900953660568,0.00682142188866618,0.8470826869997609,0.00042279228939577916
0.15999999999999998,-0.03,True,,0.7283958566164033,0.8534611043371592,42321.37531269124,14,-9.29893180084953,1.619105323097744,-3.0013405283743806,4.737422012984845,0.006845435054598427,0.85006463672421,0.000431954449766475
0.15999999999999998,-0.020000000000000004,True,,0.7338852655099402,0.8566710369272094,42162.797800418586,14,-8.956510599506903,1.6842096859758062,-3.1492211853560326,4.5788246062670375,0.0068683346077670305,0.8529082982577949,0.0004453441709133614
0.15999999999999998,-0.009999999999999995,True,,0.7392945190113392,0.8598223764309343,42008.266708953444,14,-8.633649477102521,1.7479910989020488,-3.268761415572528,4.454510479729771,0.006890079325888186,0.8556085526262756,0.00046267140624955115
0.15999999999999998,0.0,True,,0.744618217512212,0.8629126360832897,41857.82685415506,14,-8.329045918889262,1.810378547507397,-3.3535495220376244,4.3683876874626115,0.006910628288084025,0.8581603182839355,0.0004836502024717066
0.15999999999999998,0.009999999999999995,True,,0.7498509174959351,0.8659393266828428,41711.52250331502,14,-8.041553232351276,1.8713026345987098,-3.3968866055263036,4.325013486088526,0.006929940985201647,0.860558564812975,0.000508000058954759
0.15999999999999998,0.020000000000000004,False,,0.7549871422279886,0.8688999610012585,41569.39732143058,14,-7.712642640168089,1.9435224366951631,-3.392075130410862,4.32980775063539,0.006947977433391477,0.8627983270276474,0.0005354473297664602
0.15999999999999998,0.03,False,,0.760021393023725,0.8717920583623855,41431.49431675905,14,-7.3586900951267955,2.0243573828947814,-3.33274477647999,4.389364520636617,0.006964698290508798,0.8648747194289753,0.0005657266576782675
0.15999999999999998,0.039999999999999994,False,,0.7649481610684015,0.8746131493799996,41297.85578577402,14,-7.027227829157266,2.1031018198819207,-3.2131635036454966,4.511903227286932,0.006980064974890062,0.8667829509543683,0.000598582433198077
0.15999999999999998,0.05,False,,0.7697619397593204,0.8773607808417928,41168.52325765176,14,-6.716696293924667,2.1796505727773132,-3.028469209130693,4.70792142246784,0.006994039785971811,0.8685183399560529,0.0006337702676957257
0.15999999999999998,0.06000000000000001,False,,0.7744572375348703,0.8800325207257231,41043.53743842399,14,-6.425734673256005,2.2539016266286875,-2.7747644282727393,4.991139216896664,0.007006586026222878,0.8700763293425877,0.0006710584702494137
0.15999999999999998,0.06999999999999999,False,,0.7790285911501846,0.8826259633333843,40922.938154940486,14,-6.1531497585700805,2.325756282198758,-2.449049710908506,5.379862245732295,0.007017668123791768,0.8714525018091883,0.0007102295172480141
0.15999999999999998,0.08,False,,0.7834705793541128,0.8851387345236411,40806.76429879155,14,-5.897890782621149,2.3951193065274334,-2.0490297259764385,5.898928795741485,0.007027251755250613,0.8726425950800447,0.0007510815026517788
0.16999999999999998,-0.07,True,,0.6939984445367499,0.8330656904090756,43357.50244821673,12,-10.200647956078896,1.459450241859707,-1.906752302184358,6.095381552603026,0.006684854911476428,0.8301238294651552,0.00046258861951561003
0.16999999999999998,-0.06,True,,0.6995649252605762,0.8363999792327689,43184.65878558422,12,-10.24011764581557,1.4528333760107341,-2.1018042053003967,5.8276801279992405,0.006711007696107574,0.833371476574431,0.00045186067832445254
0.16999999999999998,-0.05,True,,0.7050726909395832,0.8396860668961843,43015.6568453607,12,-9.830216035964268,1.5230385249025244,-2.2895579856459,5.58110673240876,0.0067361863405986655,0.8364981551729154,0.00044633381954415854
0.16999999999999998,-0.04,True,,0.7105168323328868,0.8429216050931941,42850.542082669046,12,-9.444941678676546,1.5921156330163844,-2.4665342098795806,5.358246704995426,0.006760351118430269,0.8394989320300625,0.00044572779456571155
0.16999999999999998,-0.03,True,,0.7158923670720487,0.8461042294375136,42689.35960224314,12,-9.082336966349697,1.6599875940080615,-2.6285447597205995,5.162043388345546,0.00678346232871075,0.8423688770977814,0.000449763045703134
0.16999999999999998,-0.020000000000000004,True,,0.721194247543646,0.8492315629695154,42532.15411016633,12,-8.740706357253925,1.7265786756251607,-2.770694333233635,4.995818975414556,0.0068054803898253005,0.8451030751397508,0.00045816183861197983
0.16999999999999998,-0.009999999999999995,True,,0.7264173693527107,0.8523012198470156,42378.96986457461,12,-8.41857231705432,1.7918146157834316,-2.887424850993746,4.863328901996745,0.006826365936934788,0.8476966378388062,0.0004706494489398124
0.16999999999999998,0.0,False,,0.7315565803595913,0.8553108092147504,42229.850625409286,12,-8.114640201684843,1.8556227167630466,-2.972617709759974,4.768857612733068,0.006846079923053542,0.8501447163487568,0.00048695539889455483
0.16999999999999998,0.009999999999999995,True,,0.7366066902787785,0.8582579392459929,42084.83960331217,12,-7.827769991319027,1.917931937397862,-3.0197634099075747,4.717368313460332,0.006864583723383028,0.8524425142505184,0.0005068147367382567
0.16999999999999998,0.020000000000000004,False,,0.7415624808240688,0.8611402213484566,41943.979407763836,12,-7.556953334187946,1.9786729831349217,-3.022196554430687,4.714726137550787,0.006881839242540442,0.8545853008677374,0.0005299693531125932
0.16999999999999998,0.03,False,,0.7464187163801025,0.8639552745253093,41807.31199457333,12,-7.232309444572317,2.0540273327777383,-2.9733767935617577,4.768024158388699,0.006897809024283276,0.8565684248923628,0.0005561693252263393
0.16999999999999998,0.039999999999999994,False,,0.7511701551758646,0.866700729880773,41674.878612835164,12,-6.900864283886415,2.133921683514474,-2.8671764418795376,4.886056474454953,0.0069124563632916615,0.8583873282657539,0.0005851742820921148
0.16999999999999998,0.05,False,,0.755811560931189,0.8693742352584352,41546.719751477016,12,-6.590350708929247,2.211587645558941,-2.6981205776937363,5.080004170057589,0.006925745418528139,0.8600375602556719,0.0006167547799372453
0.16999999999999998,0.06000000000000001,False,,0.760337714942733,0.8719734599990604,41422.87508552815,12,-6.299408111111376,2.2869216456519696,-2.4615253273196918,5.364430138739391,0.006937641327662824,0.8615147916655715,0.0006506936789627828
0.16999999999999998,0.06999999999999999,False,,0.7647434285712982,0.8744960998033657,41303.38342224569,12,-6.026843465325627,2.3598234766522905,-2.1535037464380893,5.758717203458337,0.00694811032201507,0.8628148291080321,0.0006867875116181054
0.16999999999999998,0.08,False,,0.769023556087838,0.8769398816839373,41188.28264724187,12,-5.771606169098316,2.4301964504339963,-1.7708606229919726,6.289122648071638,0.006957119841435277,0.8639336292707556,0.0007248478293768584
0.18,-0.06,True,,0.687882248075078,0.8293866698199809,43549.82907945296,12,-10.038109183309514,1.4870180201995946,-1.7870898142593747,6.265664624156645,0.0066524349611483255,0.826097927082258,0.0004973884769903217
0.18,-0.05,True,,0.6932068912373107,0.8325904703017629,43382.24973719156,12,-9.628935572025663,1.5587444208934147,-1.9638987004788124,6.015701197287985,0.00667670864402362,0.8291122277440524,0.00048669597615870757
0.18,-0.04,True,,0.6984686498508645,0.8357443687221976,43218.53555132128,12,-9.244321639497263,1.6293170742418357,-2.131703088140201,5.7876974140709985,0.0066999852468238325,0.8320027112189112,0.00048103135749497984
0.18,-0.03,True,,0.7036627587957569,0.8388460876679088,43058.73060915589,12,-8.88231921612194,1.6986571435435056,-2.286609415342937,5.584897218790754,0.006722226798417128,0.8347646622599393,0.00048012915944098297
0.18,-0.020000000000000004,True,,0.7087843942137145,0.8418933389769244,42902.8785942525,12,-8.54124057472982,1.76668719761199,-2.424032720266486,5.410941698278199,0.006743395470942071,0.8373933834115279,0.0004837260035076207
0.18,-0.009999999999999995,True,,0.7138286815926048,0.8448838272760373,42751.022738698935,12,-8.219614708157732,1.8333313090345893,-2.5387144998596534,5.269927937298503,0.006763453672319502,0.8398842064974607,0.0004915617163754306
0.18,0.0,True,,0.7187907043774895,0.8478152536829527,42603.20577452607,12,-7.916152468183309,1.8985151505073987,-2.6247885440723753,5.16650997414871,0.006782364141982882,0.8422325045086859,0.0005033804945071392
0.18,0.009999999999999995,True,,0.7236655130965478,0.850685319666766,42459.469884334896,12,-7.629718496934621,1.9621660891178074,-2.6759059886570586,5.1060554606751,0.006800090049524491,0.8444337038531808,0.0005189321082882686
0.18,0.020000000000000004,False,,0.7284481349862852,0.8534917310591154,42319.856651235794,12,-7.359308424618588,2.0242132784482156,-2.68542271940428,5.094878769554464,0.006816595095916924,0.8464832969256145,0.0005379731373192296
0.18,0.03,False,,0.7331335840964842,0.8562322022071374,42184.407008204165,12,-7.104030193307499,2.0845877483772015,-2.6466384893628163,5.140581839373036,0.006831843616923761,0.8483768549488626,0.000560268230477608
0.18,0.039999999999999994,False,,0.7377168718512849,0.8589044602581156,42053.161186964004,12,-6.789676335424723,2.1614135705385817,-2.5530595739508644,5.25254968473458,0.006845800688298398,0.8501100410375751,0.0005855913824459784
0.18,0.05,False,,0.7421930180386576,0.8615062495644809,41926.158666517505,12,-6.478950083377729,2.2401349738906062,-2.3986410234237376,5.442670266229654,0.006858432232309786,0.8516786234265197,0.0006137272183107047
0.18,0.06000000000000001,False,,0.7465570621963787,0.8640353361966041,41803.438121445215,12,-6.187814296269394,2.3164929127945713,-2.1779596441817897,5.726379972432927,0.006869705125125463,0.853078488805383,0.0006444722769024559
0.18,0.06999999999999999,False,,0.7508040753584608,0.86648951254961,41685.037370107646,12,-5.915073965340941,2.3903857567980475,-1.88628529804324,6.124175062927832,0.00687958730453463,0.854305655695799,0.000677636283603099
0.18,0.08,False,,0.7549291721219167,0.8688666020292855,41570.9933228846,12,-5.659676809471329,2.461715443393122,-1.5195643813983066,6.663765234664405,0.006888047877483281,0.8553562878050384,0.0007130434022471234
0.19,-0.06,True,,0.6764464611375701,0.8224636533838867,43916.40598685268,12,-9.852730998336543,1.5190957221151515,-1.4753805510499698,6.731906438874428,0.006594506056032374,0.8189043282400423,0.0005549049692478976
0.19,-0.05,True,,0.6815948729608154,0.8255875925429206,43750.23079039196,12,-9.443987006457833,1.5922906331786617,-1.641350532852506,6.479493719887666,0.006617906194905777,0.8218101523976103,0.0005392281243942065
0.19,-0.04,True,,0.686681180210357,0.8286622835693422,43587.89874670864,12,-9.059763251229523,1.6643073383098537,-1.7999802596611545,6.2470948597158635,0.006640325979345825,0.8245942363547961,0.0005286869127354603
0.19,-0.03,True,,0.6917008252642959,0.8316855326770425,43429.45295101427,12,-8.698117177912405,1.7350653297349883,-1.9476589110521003,6.038238118237517,0.006661729092637312,0.8272520703098014,0.0005230292940063297
0.19,-0.020000000000000004,True,,0.6966491977306034,0.8346551370060592,43274.93609037075,12,-8.357365710827743,1.8044855352606823,-2.080103097712438,5.856873133022111,0.006682079382325718,0.8297791648586842,0.0005220055382384278
0.19,-0.009999999999999995,True,,0.7015216421654683,0.8375688880118867,43124.39039751468,12,-8.036041730353215,1.872490418640456,-2.192352041560138,5.707434319759996,0.006701340947965662,0.8321710618919429,0.0005253692845512883
0.19,0.0,True,,0.7063134662752,0.8404245750067045,42977.85760387684,12,-7.732859363863735,1.9390040779763964,-2.2788012830218003,5.594947275291925,0.006719478231765056,0.8344233458506869,0.0005328786390759366
0.19,0.009999999999999995,True,,0.7110199495897792,0.8432199888461962,42835.37889188381,12,-7.446686034392646,2.0039523420240517,-2.3332868942675153,5.525192799076711,0.006736456111834383,0.8365316553063122,0.0005442973067082897
0.19,0.020000000000000004,False,,0.7156363525926157,0.8459529257545101,42696.99484663587,12,-7.17651974979578,2.067262864271526,-2.3492269746404935,5.504950638185633,0.0067522399977199415,0.8384916948237993,0.0005593957507245319
0.19,0.03,False,,0.7201579262874543,0.8486211912788028,42562.74540706142,12,-6.921470498562377,2.1288652146665017,-2.319816953562929,5.542356165755897,0.00676679592785898,0.8402992470636693,0.0005779523731042269
0.19,0.039999999999999994,False,,0.7245799221796667,0.8512226043636686,42432.66981665518,12,-6.680744894936322,2.188690968868905,-2.238260660642778,5.647419648473679,0.006780090668566201,0.8419501850741081,0.0005997547086046643
0.19,0.05,False,,0.7288976026454083,0.8537550015346371,42306.80657391319,12,-6.382100667935628,2.265252702775262,-2.098004158124551,5.8327815399961525,0.006792091814143253,0.84344048472254,0.0006246006235088268
0.19,0.06000000000000001,False,,0.7331062516583555,0.8562162411788015,42185.19338258392,12,-6.090564585070894,2.342574769246818,-1.8929318636324013,6.114809620589082,0.006802767887651031,0.8447662372095107,0.0006522995122522519
0.19,0.06999999999999999,False,,0.737201185839983,0.8586042079095484,42067.86710186023,12,-5.817457359566482,2.4174016971559693,-1.6174956127615225,6.515182197309302,0.006812088441874111,0.8459236616064288,0.0006826734816288461
0.19,0.08,False,,0.741177765795663,0.8609168170013076,41954.863696642125,12,-5.561723227177256,2.4896341315293813,-1.266788186603509,7.06313175955259,0.006820024159983356,0.8469091173558263,0.0007155585135519672
0.2,-0.05,True,,0.6702310793087085,0.8186764191722566,44119.56527092417,12,-9.274672983563594,1.6236336422573432,-1.3261562483787923,6.9672356815691385,0.006559780570517087,0.8145921249988772,0.0006039164974873218
0.2,-0.04,True,,0.6751485871044146,0.8216742585139287,43958.5971413568,12,-8.890582913317902,1.697041821045485,-1.4755442058556834,6.731652765818768,0.006581373862472048,0.8172735752989635,0.0005886736213817698
0.2,-0.03,True,,0.6800004456470842,0.8246213953367231,43801.49231598324,12,-8.529059712686514,1.7691664910823994,-1.615801829341295,6.517723666348086,0.006601968705099183,0.8198310383786063,0.0005784353334493892
0.2,-0.020000000000000004,True,,0.6847822481762204,0.8275157087187048,43648.29251080103,12,-8.188421970756583,1.8399269983319453,-1.742935419213085,6.329692097350096,0.00662153054620352,0.8222602235537464,0.0005729648736865851
0.2,-0.009999999999999995,True,,0.6894895479979588,0.830355073446269,43499.03898524695,12,-7.8672039618086025,1.9092442554154654,-1.8522762837001499,6.1723209165513255,0.006640025099304987,0.8245568731367432,0.0005720289881147935
0.2,0.0,True,,0.694117866294354,0.8331373634007504,43353.77249677231,12,-7.564120990469978,1.977040842005965,-1.9384866712647255,6.051004270403839,0.006657418429447133,0.8267167730920828,0.0005753989629450694
0.2,0.009999999999999995,True,,0.6986627003646406,0.835860455078861,43212.533254763286,12,-7.278041482213496,2.04324110308308,-1.9956073358000606,5.97193941217035,0.006673677041327257,0.8287357639803585,0.0005828516881864909
0.2,0.020000000000000004,False,,0.7031195322832732,0.8385222312397407,43075.36087389666,12,-7.00796430516569,2.107771244917294,-2.017155837444967,5.942381675249828,0.006688767969449465,0.8306097521534578,0.0005941707457551242
0.2,0.03,False,,0.7074838379562217,0.841120584670368,42942.294327028045,12,-6.753000191649355,2.1705594286548964,-1.9962776591184146,5.97101772849957,0.006702658869953865,0.8323347211578913,0.0006091475154326291
0.2,0.039999999999999994,False,,0.7117510965536319,0.8436534220600495,42813.37189771505,12,-6.5123564037847075,2.231535861378049,-1.9259409735333515,6.068509402957648,0.006715318113763234,0.8339067433017264,0.0006275822904057871
0.2,0.05,False,,0.715916800293544,0.8461186679736737,42688.63113248399,12,-6.285323989091941,2.2906328845183492,-1.799153031152596,6.248284897208816,0.0067267148806519055,0.8353219913360411,0.0006492853971740693
0.2,0.06000000000000001,False,,0.7199764645479394,0.8485142689123969,42568.10879295414,12,-6.007326449849458,2.365131913238044,-1.6091682510514733,6.527686691174625,0.006736819253820667,0.8365767501992136,0.0006740783103881218
0.2,0.06999999999999999,False,,0.7239256382390081,0.8508381974494376,42451.84080793848,12,-5.733664338514178,2.440835289682359,-1.3496659799457242,6.929621734895592,0.0067456023145326385,0.8376674287687857,0.0007017947542605772
0.2,0.08,False,,0.7277599144901925,0.853088456427698,42339.86222564495,12,-5.477419141579424,2.5139158350082513,-1.0149119928928803,7.484881469767024,0.006753036236353357,0.838590571564176,0.0007322817834488826
0.20999999999999996,-0.05,True,,0.6591100220878904,0.8118559121469094,44490.21947246819,12,-9.120380520575695,1.6527328702896324,-1.0102010644402313,7.493004960551121,0.006502332260436598,0.8074582063436727,0.000680743106920505
0.20999999999999996,-0.04,True,,0.6638651137558673,0.8147791809784215,44330.59723993296,12,-8.736178733855498,1.7274789099270809,-1.1501094870823871,7.255463770633733,0.006523128377463328,0.8100406636344956,0.0006609665663803191
0.20999999999999996,-0.03,True,,0.6685555900066694,0.8176524873114919,44174.81542825266,12,-8.374555006405732,1.8009180062274674,-1.2825895853679135,7.03747990910466,0.006542944089092175,0.812501374396172,0.0006463152493161021
0.20999999999999996,-0.020000000000000004,True,,0.6731772383150157,0.8204737889262617,44022.914807194444,12,-8.033826740015833,1.8729679836609032,-1.4039344890148668,6.843569429942489,0.0065617463713543685,0.8148362377194404,0.0006365647161814888
0.20999999999999996,-0.009999999999999995,True,,0.6777258108957792,0.8232410405803268,43874.9356883071,12,-7.712527221256788,1.9435482625740854,-1.5097721388435397,6.6788072921368045,0.006579502477417585,0.8170411871097826,0.0006314941458377671
0.20999999999999996,0.0,True,,0.6821970321369627,0.8259521972468883,43730.91788100202,12,-7.40937092762315,2.012579961501264,-1.5950474909403365,6.548945518019922,0.006596180018797731,0.8191122005722862,0.0006308873090332878
0.20999999999999996,0.009999999999999995,True,,0.6865866064282616,0.8286052174758868,43590.90064803746,12,-7.1232255879602455,2.0799859972955814,-1.6540373274743858,6.4605931679775885,0.006611747048644223,0.8210453109539914,0.000634533568324788
0.20999999999999996,0.020000000000000004,False,,0.6908902263703088,0.8311980668711332,43454.92266049357,12,-6.853089480845603,2.1456911829469774,-1.6804079131886835,6.421482971621267,0.006626172146797446,0.8228366165063089,0.0006422288985806238
0.20999999999999996,0.03,False,,0.6951035813466745,0.8337287216755067,43323.021952331015,12,-6.598072837706783,2.2096223229550818,-1.6673215981291976,6.440861592929208,0.006639424506315516,0.8244822916298935,0.0006537769220980581
0.20999999999999996,0.039999999999999994,False,,0.699222366437606,0.8361951724553341,43195.23587463213,12,-6.357382493801924,2.2717083061299537,-1.60759071431237,6.530058246996961,0.00665147402111934,0.8259785977583892,0.0006689899522948465
0.20999999999999996,0.05,False,,0.7032422916513985,0.838595427874132,43071.601049628174,12,-6.130309132132304,2.33188019569552,-1.4938673838607355,6.7033112967116635,0.006662291374389465,0.8273218943355307,0.0006876900386950568
0.20999999999999996,0.06000000000000001,False,,0.7071590914461797,0.8409275185449574,42952.15332462192,12,-5.91621661468512,2.3900713165760608,-1.3188514484926133,6.978964379589347,0.006671848127325235,0.8285086498372356,0.0007097100053358672
0.20999999999999996,0.06999999999999999,False,,0.71096853451184,0.8431895009497212,42836.927725918926,12,-5.663415755549968,2.460655996297042,-1.0755054643072999,7.381176325742359,0.006680116807856017,0.8295354527877459,0.0007348944760882244
0.20999999999999996,0.08,False,,0.714666433778824,0.845379461412935,42725.9584128858,12,-5.40648714253588,2.5345294012349555,-0.7572978949586907,7.94230090822144,0.006687070998877086,0.8303990227167403,0.0007631008783889662
0.21999999999999997,-0.04,True,,0.6528250877012726,0.8079759202484147,44703.86654633439,12,-8.596021129477002,1.7555800386657883,-0.8335730198016083,7.8040281015112924,0.006465588028211334,0.802895315574985,0.0007455374013358319
0.21999999999999997,-0.03,True,,0.6573603237239499,0.8107776043551955,44549.39001449417,12,-8.234081472975486,1.8302803494781366,-0.9579025546819729,7.583782534568167,0.0064846527460492,0.8052627680909809,0.0007266337592872341
0.21999999999999997,-0.020000000000000004,True,,0.6618279676277763,0.8135280988557041,44398.770936421475,12,-7.893065759538803,1.9035680315966144,-1.072943625038595,7.385531657534546,0.0065027233422589965,0.807506770799348,0.0007127627136166415
0.21999999999999997,-0.009999999999999995,True,,0.6662239611535186,0.8162254352527362,44252.04870055631,12,-7.571503988920593,1.9753610730545899,-1.1746128947904955,7.214642853447917,0.006519768538582182,0.8096234395727414,0.0007037152326292902
0.21999999999999997,0.0,True,,0.6705442221192144,0.818867646276988,44109.26219353783,12,-7.268107876761705,2.0455791896128654,-1.2581397067157172,7.077211196011003,0.0065357574200996214,0.8116089354032247,0.0006992869095384135
0.21999999999999997,0.009999999999999995,True,,0.6747846518550703,0.8214527690957468,43970.4497571994,12,-6.981742815445903,2.1141439266924094,-1.3180527637343056,6.980247956812199,0.006550659513920434,0.8134594741738335,0.0006992789020069689
0.21999999999999997,0.020000000000000004,False,,0.6789411429860138,0.8239788486278115,43835.64914510564,12,-6.711405094871753,2.1809787589527123,-1.3482012555829663,6.93195924964975,0.006564444869434149,0.8151713366242715,0.0007034988888918896
0.21999999999999997,0.03,False,,0.683009587544588,0.8264439409570307,43704.89747872061,12,-6.4562032444787825,2.246009187381965,-1.3418191264372592,6.942153526491165,0.0065770841398318895,0.8167408784741935,0.0007117620398947188
0.21999999999999997,0.039999999999999994,False,,0.6869858853940671,0.8288461168359704,43578.231203301846,12,-6.215342635701174,2.3091628337695496,-1.2916367465755814,7.0228347900653985,0.0065885486645715415,0.8181645406637108,0.0007238919906228623
0.21999999999999997,0.05,False,,0.6908659529388477,0.8311834652703624,43455.68604361983,12,-5.988112687011039,2.370369532433534,-1.1900381716313693,7.189063329519805,0.0065988105524470535,0.8194388596689202,0.0007397218178845202
0.21999999999999997,0.06000000000000001,False,,0.6946457320963639,0.8334540971741419,43337.2969596069,12,-5.773876163788777,2.429561419080985,-1.0292586457577282,7.460196416373454,0.006607842764894657,0.8205604778468518,0.0007590950073440463
0.21999999999999997,0.06999999999999999,False,,0.6983211995020071,0.8356561490840638,43223.09810204407,12,-5.572060177466193,2.486673016681864,-0.8016244986802269,7.861649484582383,0.006615619199158504,0.8215261537629597,0.0007818664077496324
0.21999999999999997,0.08,False,,0.7018883759158213,0.8377877869220948,43113.12276839814,12,-5.348695128754198,2.551449249181689,-0.49986710518640265,8.42731865886474,0.006622114770911315,0.8223327724509364,0.0008079031624759539
0.22999999999999998,-0.04,True,,0.6420229248708123,0.8012633305417216,45078.37353172886,12,-8.469644972973574,1.7813097376141063,-0.5185050835961802,8.391229867011276,0.006408750423428618,0.7958372341708765,0.0008423549548106058
0.22999999999999998,-0.03,True,,0.6464088112174372,0.8039955293516483,44925.184771318534,12,-8.107180142015554,1.8572171421092811,-0.6342055031536015,8.170630601110183,0.006427091308269381,0.79811480126267,0.0008193529388475791
0.22999999999999998,-0.020000000000000004,True,,0.6507283456397074,0.8066773491549811,44775.82982746854,12,-7.765685729716466,1.9316898781667184,-0.7423294412705256,7.969722180518713,0.006444457102211171,0.8002712817786365,0.0008015140733024154
0.22999999999999998,-0.009999999999999995,True,,0.6549776504612753,0.8093068951030106,44630.34718966463,12,-7.443686206260556,2.004644562518785,-0.8390807398946,7.794137310686168,0.006460817927623685,0.8023029655211409,0.0007886405021160158
0.22999999999999998,0.0,True,,0.6591528276268454,0.811882274487407,44488.77484637965,12,-7.139888638863663,2.0759995675418237,-0.9199813519963544,7.6502916393558875,0.006476144273567202,0.8042061878281049,0.0007805390108005362
0.22999999999999998,0.009999999999999995,True,,0.6632499657618485,0.8144015998030999,44351.150243528005,12,-6.853154484991908,2.1456751249140673,-0.9798343371275484,7.5455811273395215,0.006490407070126898,0.8059773388038263,0.0007770219086393745
0.22999999999999998,0.020000000000000004,False,,0.6672651475495625,0.816862991908412,44217.51024250912,12,-6.582476682488494,2.213593426879865,-1.0127126092940169,7.488672974233378,0.006503577764122748,0.8076128727206175,0.0007779079258067961
0.22999999999999998,0.03,False,,0.6711944574089873,0.8192645832751391,44087.891077926106,12,-6.326960888764164,2.2796787249853585,-1.0119834389327442,7.4899304106124855,0.006515628395913116,0.8091093175562596,0.0007830231208773782
0.22999999999999998,0.039999999999999994,False,,0.6750339894542465,0.8216045213204748,43962.328315070255,12,-6.08581000156644,2.343857426152621,-0.970377269337037,7.562030063796702,0.0065265316769867986,0.8104632846293641,0.0007922017924158866
0.22999999999999998,0.05,False,,0.67877985571371,0.8238809718118935,43840.85680726658,12,-5.858311298587202,2.4060581859637797,-0.8801071592105256,7.720855253971665,0.006536261068026494,0.8116714782932789,0.0008052873888774575
0.22999999999999998,0.06000000000000001,False,,0.6824281945844868,0.8260921223353281,43723.51065318007,12,-5.6438256845056785,2.4662119990303495,-0.7330454729973535,7.98677737986249,0.006544790857103971,0.8127307056463468,0.0008221334102031144
0.22999999999999998,0.06999999999999999,False,,0.6859751794954434,0.8282361858162461,43610.3231541859,12,-5.441778647174854,2.524252286326551,-0.5209742898433231,8.386460341023197,0.006552096237648786,0.8136378862140433,0.0008426042953045415
0.22999999999999998,0.08,False,,0.689417027749449,0.8303114040824978,43501.326771910855,12,-5.251652610073272,2.580114979369977,-0.23595427460225493,8.955311545856745,0.00655815338582881,0.8143900615580746,0.0008665762878524705
0.24,-0.03,True,,0.63569531902079,0.7973050351156639,45302.16933371934,12,-7.993448274455522,1.881695199370199,-0.3153137983627161,8.793155365135272,0.00637025561611507,0.7910569573683409,0.0009244327896522621
0.24,-0.020000000000000004,True,,0.639872394609,0.7999202426548537,45154.06134936582,12,-7.6512880969514585,1.9572995028971107,-0.41585854200278105,8.591920944253426,0.006386942530733042,0.7931291347974798,0.0009027721339993517
0.24,-0.009999999999999995,True,,0.6439806541761018,0.8024840522877086,45009.80126454544,12,-7.32867921769969,2.031363897956795,-0.5068780377024446,8.413725187017702,0.006402644555402871,0.795079008806996,0.0008862165610841794
0.24,0.0,True,,0.6480163749418415,0.8049946428031938,44869.42619351995,12,-7.024322197637586,2.1038054739017475,-0.5841868088410835,8.265277622443989,0.006417333516773097,0.796903080836231,0.0008745834489843314
0.24,0.009999999999999995,True,,0.6519758236628328,0.8074501988747249,44732.97271060649,12,-6.737072986121726,2.174543207301291,-0.64287487575643,8.154336682696162,0.006430981680283204,0.7985979068134897,0.0008676956478871422
0.24,0.020000000000000004,True,,0.6558552636246485,0.8098489140726488,44600.47680967401,12,-6.465919827844708,2.2434980648167184,-0.6772689263512488,8.090013268828367,0.006443561821578935,0.80016010602438,0.0008653823204787456
0.24,0.03,False,,0.6596509619076745,0.812188993958718,44471.97386335519,12,-6.209964357856396,2.3105931035085874,-0.6809210354740727,8.083213000095663,0.006455047298867097,0.8015863700968159,0.0008674797918421464
0.24,0.039999999999999994,False,,0.6633591969083673,0.8144686592548342,44347.49858206096,12,-5.968406007836357,2.3757535684418807,-0.6466362100156414,8.14727743852005,0.0064654121259281935,0.8028734720677098,0.0008738324009371341
0.24,0.05,False,,0.6669762660952195,0.8166861490776121,44227.08497288877,12,-5.740529053997296,2.4389069874579627,-0.5665513915842292,8.298908712442696,0.006474631045475116,0.8040182754926404,0.0008842933495097037
0.24,0.06000000000000001,False,,0.6704984939764315,0.8188397242296147,44110.7662985197,12,-5.525691790099486,2.4999832629870165,-0.43228306724257876,8.559488639034488,0.006482679602556069,0.8050177435610107,0.0008987255424451553
0.24,0.06999999999999999,False,,0.6739222402540238,0.8209276705374376,43998.57503620308,12,-5.323317423442775,2.558914760777279,-0.23517393752424562,8.956920774107852,0.006489534217664854,0.8058689481748679,0.0009170024132375063
0.24,0.08,False,,0.6772439081369298,0.8229483022261664,43890.54283693058,12,-5.132886378040667,2.615636395422919,0.03330239326754661,9.52810130198897,0.006495172259213722,0.8065690789485658,0.0009390087279782196
0.25,-0.03,True,,0.6252142182780779,0.7907048869698972,45680.314244487476,12,-7.865404444780419,1.909639847993458,-0.0026026301995906763,9.449653052847873,0.006314140789964581,0.7840886304576337,0.0010418317655787907
0.25,-0.020000000000000004,True,,0.629254251637021,0.7932554769032616,45533.43628012755,12,-7.54952382724451,1.9803661722224177,-0.09486601485936505,9.251017980663176,0.006330173815614766,0.7860796080969233,0.001016488895241746
0.25,-0.009999999999999995,True,,0.6332268730209565,0.7957555359662642,45390.381943843786,12,-7.2261366660685065,2.0554875818319736,-0.1792917648311607,9.072917253802256,0.006345241670797907,0.7879507310774657,0.0009963888997558859
0.25,0.0,True,,0.6371285265045833,0.7982033115094069,45251.18749900247,12,-6.921064726440449,2.1289646695720217,-0.2519814697415634,8.92232378790945,0.006359317456438314,0.7896986590778902,0.0009813591802474945
0.25,0.009999999999999995,False,,0.6409556482702642,0.8005970573704754,45115.88867197463,12,-6.633156886836323,2.200715216430359,-0.3083173932497838,8.807332394898925,0.0063723747089257194,0.7913201058528277,0.0009712325478653394
0.25,0.020000000000000004,True,,0.6447046732346505,0.802935036746218,44984.52061303325,12,-6.361395367593867,2.2706590211841116,-0.34290101745577406,8.737476582839333,0.006384387467483887,0.7928118475987295,0.000965848012148721
0.25,0.03,False,,0.6483720419244398,0.8052155251387294,44857.11785700338,12,-6.104876640353431,2.3387180022044163,-0.3495107196941981,8.724188780303445,0.006395330342333429,0.7941707314183117,0.0009650515757588345
0.25,0.039999999999999994,False,,0.6519542075837619,0.8074368133691713,44733.71428374848,12,-5.862795686998084,2.4048162965203708,-0.3210911587774173,8.78146572717538,0.006405178583389946,0.7953936838514747,0.0009686970304684157
0.25,0.05,False,,0.6554476434935707,0.8095972106508091,44614.343078580314,12,-5.634432929587986,2.468880356009396,-0.24979139232702233,8.926824307362578,0.006413908149212417,0.7964777194372998,0.0009766467490350047
0.25,0.06000000000000001,False,,0.6588488504813288,0.811695047712704,44499.0366926832,12,-5.4191433081697475,2.530839040585378,-0.1270773370878343,9.182657643593807,0.006421495775909704,0.7974199492708434,0.0009887724679965978
0.25,0.06999999999999999,False,,0.6621543645972283,0.813728679964783,44387.82680364671,12,-5.21634709936854,2.590623708259582,0.05603852648797357,9.57811350236106,0.006427919045702575,0.7982175895171548,0.0010049560556195652
0.25,0.08,False,,0.665360764931197,0.8156964906944231,44280.74427620411,12,-5.025522156209007,2.6481683019540525,0.3085771964700368,10.151584786089764,0.006433156454810882,0.7988679698414907,0.0010250902587613435
0.26,-0.020000000000000004,True,,0.6188681702564889,0.7866817464874146,45913.92627668487,12,-7.450640083646645,2.0030402969347487,0.22512199699066315,9.958371557984723,0.00627414451989126,0.7791219023360424,0.001142615505659196
0.26,-0.009999999999999995,True,,0.6227103342688365,0.7891199745722044,45772.06112545553,12,-7.1357561913943615,2.076987491707018,0.14818382892319926,9.783505859451997,0.006288601927514339,0.7809172200713017,0.0011191023803443375
0.26,0.0,True,,0.6264830816702764,0.7915068424658604,45634.03090604966,12,-6.829815373523949,2.151448337983141,0.08117415677949077,9.633709411371886,0.006302087834938327,0.7825918971230645,0.001100804767480446
0.26,0.009999999999999995,False,,0.6301830098002664,0.7938406702860886,45499.87051988639,12,-6.541106798588569,2.224161663032715,0.028414975724804916,9.517384698803205,0.0063145769881895976,0.7841427974583767,0.0010875648894519804
0.26,0.020000000000000004,True,,0.6338067166961061,0.7961197879063842,45369.61429689293,12,-6.268605329620596,2.295046156264387,-0.004987654112763104,9.444464992199975,0.006326044628029128,0.7855668464803196,0.00107923104774873
0.26,0.03,False,,0.6373508075994779,0.7983425377615037,45243.295957539485,12,-6.0114011333131865,2.364022653947292,-0.013075141283575566,9.426893754938476,0.006336466554170446,0.7868610390025808,0.0010756583663772182
0.26,0.039999999999999994,False,,0.64081190167298,0.800507277713938,45120.94857474143,12,-5.768683758411244,2.4310142396605925,0.011008581267528137,9.479315643050482,0.0063458191899224276,0.7880224472767826,0.0010767095353260332
0.26,0.05,False,,0.6441866389080677,0.8026123839737758,45002.60453571199,12,-5.539728921139765,2.495946341831557,0.07501896970981868,9.620065378264375,0.006354079646992291,0.789048229039704,0.0010822555495732411
0.26,0.06000000000000001,False,,0.6474716872039147,0.8046562540637553,44888.29550385249,12,-5.323887466434217,2.5587468282313974,0.18753808347908923,9.87256347995886,0.00636122579018128,0.7899356355471758,0.001092176438297171
0.26,0.06999999999999999,False,,0.650663749594862,0.8066373098207533,44778.0523807697,12,-5.120576091786661,2.619346097302535,0.35777407812938145,10.267235755373378,0.006367236301682967,0.7906820195586312,0.0011063619791136343
0.26,0.08,False,,0.6537595716023307,0.8085540004244186,44671.90526851301,12,-4.929269509536675,2.677677166194886,0.5951471152996239,10.84403318858616,0.006372090744693891,0.7912848432362597,0.0011247123915155296
0.27,-0.020000000000000004,True,,0.6087085215495627,0.7801977451579585,46295.50384578987,12,-7.283542890272487,2.0419473790649683,0.537281902107097,10.700506046875764,0.0062188476440578466,0.7722551483178681,0.0012811027140350033
0.27,-0.009999999999999995,True,,0.6124251924650762,0.7825759978845992,46154.8115570536,12,-7.057275812470457,2.0958389152990997,0.46876028011924153,10.53300170699879,0.006232717446023025,0.7739774973102885,0.0012543016867460994
0.27,0.0,True,,0.6160739770136014,0.7849038011206223,46017.92940723199,12,-6.7503127088453905,2.1712311207804675,0.408548320889319,10.387976503841376,0.006245635891858038,0.7755817071053116,0.0012328588277876163
0.27,0.009999999999999995,True,,0.619651625838803,0.7871795385036395,45884.89149514378,12,-6.460661883640996,2.2448565622452077,0.3606826213134439,10.274114198878575,0.006257578878857207,0.7770647846341869,0.0012166252497248307
0.27,0.020000000000000004,True,,0.6231548920259256,0.7894016037644752,45755.73135295208,12,-6.187289496728159,2.3166328790151085,0.3299764208332426,10.201728669804435,0.006268522790343774,0.7784237971831295,0.0012054580208806936
0.27,0.03,False,,0.6265805372589837,0.7915684033985841,45630.4819095328,12,-5.929278258473952,2.3864798825868396,0.32210910674964566,10.183264803801691,0.006278444556165735,0.7796558799056794,0.0011992208608605874
0.27,0.039999999999999994,False,,0.6299253381682592,0.7936783593926819,45509.17545373846,12,-5.6858112936357665,2.454319658393217,0.34370061256905665,10.234018266784043,0.006287321713523867,0.7807582433763129,0.0011977848348907049
0.27,0.05,False,,0.6331860928505135,0.7957299119993627,45391.84359763741,12,-5.456158755202829,2.5200766646172363,0.40235034481268817,10.373162014666027,0.006295132467888485,0.7817281811550727,0.0012010290435547069
0.27,0.06000000000000001,False,,0.6363596275426012,0.79772152255195,45278.51723981114,12,-5.23966664726359,2.583677827926815,0.5066052968941608,10.625188810614567,0.0063018557537410855,0.7825630773304508,0.0012088413014035653
0.27,0.06999999999999999,False,,0.6394428034274957,0.7996516763113147,45169.22652879553,12,-5.035747436450297,2.645052636001905,0.6657969500871997,11.0218836343003,0.006307471294890606,0.7832604140094499,0.001221118801904053
0.27,0.08,False,,0.642432523550134,0.801518885335919,45064.00082675407,12,-4.843872122285325,2.7041332267303773,0.8896502629440134,11.60489332981663,0.0063119596640742745,0.7838177787188026,0.0012377687617513944
0.27999999999999997,-0.009999999999999995,True,,0.6023657297364304,0.7761222389137103,46538.60680759678,12,-6.902861527181146,2.133431063556247,0.7878762449723132,11.336102159230599,0.006177579870945089,0.7671305252252938,0.0014019317371499792
0.27999999999999997,0.0,True,,0.605895286230954,0.77839275833666,46402.85681565253,12,-6.682331738443717,2.1882911488202086,0.7355621011002521,11.200369149042448,0.006189952420900569,0.7686669457886869,0.0013774604416989591
0.27999999999999997,0.009999999999999995,True,,0.6093553608177105,0.7806121705544377,46270.92565797752,12,-6.391596913427591,2.262777465143985,0.6938895538176058,11.093410449938752,0.006201370326696279,0.7700848188478815,0.0013583469069486866
0.27999999999999997,0.020000000000000004,True,,0.6127428539728393,0.7827789304604713,46142.84609090001,12,-6.117222506307377,2.335396179119771,0.6673819644451486,11.025906948630006,0.006211811058161767,0.7713813466112095,0.0013444564713571592
0.27999999999999997,0.03,False,,0.6160546759847914,0.7848915058686718,46018.65027378752,12,-5.858282600765595,2.4060661354940573,0.6614293726362113,11.010804807706426,0.006221252618929315,0.7725537975745099,0.0013356609532687257
0.27999999999999997,0.039999999999999994,False,,0.6192877529534486,0.7869483801072651,45898.36973362034,12,-5.613952891520265,2.474708477526892,0.6823876257373157,11.064069346066903,0.006229673603675187,0.7735995136293355,0.0013318393001879667
0.27999999999999997,0.05,False,,0.6224390329450037,0.7889480546556938,45782.035329562845,12,-5.383497098681857,2.5412467470094255,0.7376507957673337,11.205757146996893,0.006237053255384439,0.7745159171740836,0.0013328782311330207
0.27999999999999997,0.06000000000000001,False,,0.6255054922843921,0.7908890518172521,45669.67721761167,12,-5.1662556298516,2.60560698116778,0.8356599874906894,11.461517591404633,0.006243371522392697,0.7753005181974318,0.0013386728699652257
0.27999999999999997,0.06999999999999999,False,,0.6284841419655718,0.7927699174196583,45561.324815402484,12,-4.961636061028956,2.6677178063229348,0.9857834082591755,11.864637325566179,0.00624860911496697,0.7759509213045314,0.001349127362792497
0.27999999999999997,0.08,False,,0.6313720341584808,0.7945892235353313,45457.00676725928,12,-4.769105100228137,2.7275105281818743,1.1979623426956911,12.458689457147289,0.0062527475611678885,0.7764648326539675,0.001364155477037727
0.29,-0.009999999999999995,True,,0.5925263557315041,0.769757335613961,46923.42123979592,12,-6.757871432931922,2.1693424716346144,1.1014949631856568,12.185002506992141,0.006123180424152502,0.7603752137502875,0.0015619380630857054
0.29,0.0,True,,0.5959412196854094,0.7719722920451286,46788.78773711912,12,-6.543497638331558,2.2235495343347944,1.0581953015009655,12.06412023045913,0.006135027822461686,0.7618464210964238,0.0015345495285336618
0.29,0.009999999999999995,True,,0.5992882251464077,0.7741370842082219,46657.94785994472,12,-6.333719804171237,2.2779054855206264,1.0240508035015623,11.969643257284483,0.0061459409144016194,0.7632016064807662,0.0015126642109598795
0.29,0.020000000000000004,True,,0.6025644127190234,0.7762502255838792,46530.93361005906,12,-6.058211414037267,2.3513166542341892,1.0033107784935726,11.912617694139353,0.006155898203037701,0.7644381004186501,0.001496155249150588
0.29,0.03,True,,0.6057668338702056,0.7783102426861704,46407.77639875027,12,-5.798220498823698,2.4227615112587184,1.001082619392251,11.90650746230932,0.006164878712298761,0.7655532981061183,0.0014849020913709383
0.29,0.039999999999999994,False,,0.6088925565996225,0.7803156775303329,46288.507012641414,12,-5.552914294303984,2.492160314276849,1.023450980773526,11.967990192696488,0.006172862040848564,0.7665446661096726,0.0014787911020729746
0.29,0.05,False,,0.611938671250329,0.7822650901390966,46173.15557954187,12,-5.321549199353464,2.5594357431408845,1.0775792493063205,12.1180865915601,0.0061798284159180145,0.767409749051146,0.0014777161610539146
0.29,0.06000000000000001,False,,0.6149022964426692,0.7841570610806672,46061.75153439214,12,-5.10345925403369,2.624512997874847,1.1717564079441514,12.383738347484739,0.006185758746880843,0.768146176260719,0.0014815792529975522
0.29,0.06999999999999999,False,,0.6177805851129012,0.7859901940310078,45954.32358538039,12,-4.898046471175826,2.6873198933995384,1.3153215531209026,12.79995025600405,0.006190634678339003,0.7687516683690531,0.001490291042131972
0.29,0.08,False,,0.6205707306367243,0.787763118352671,45850.89968031046,12,-4.704772677974229,2.7477869508538566,1.5183539880004016,13.412555293229738,0.006194438642487399,0.7692240438099311,0.0015037714285882412
0.3,0.0,True,delay_focused,0.5862061236356318,0.765640988737954,47175.69754327645,12,-6.408643746738814,2.258340917483222,1.3762704045121197,12.98085106234271,0.0060808521521441535,0.7551188981354356,0.0017040671885092406
0.3,0.009999999999999995,True,,0.5894443740408093,0.7677528079016118,47045.93371681373,12,-6.204485907271955,2.312050923437621,1.35096565951607,12.905436329318576,0.006091279909430971,0.7564138147680772,0.0016795129197569039
0.3,0.020000000000000004,True,,0.5926135322936259,0.769813959534137,46919.96977204094,12,-6.010093663495605,2.364378532393974,1.3375509815892102,12.865634954831298,0.0061007727114185655,0.757592628854942,0.001660484844980176
0.3,0.03,False,,0.5957107840038447,0.7718230263498522,46797.83639295639,12,-5.748928030609449,2.436549782502565,1.3408683749992878,12.87546622817678,0.006109310551569624,0.7586528559885767,0.0016468695998809052
0.3,0.039999999999999994,False,,0.5987333319061667,0.773778606518794,46679.56364668445,12,-5.502530388974237,2.5066585014667364,1.366738655581572,12.952392369402709,0.0061168739818242696,0.759592081113134,0.0016385605274549266
0.3,0.05,False,,0.6016784013466142,0.7756793160492383,46565.180950556714,12,-5.270148902621842,2.5746265622066646,1.422087282637798,13.118520395080166,0.006123444163215125,0.7604079648097412,0.001635458236885296
0.3,0.06000000000000001,False,,0.604543245879201,0.7775237911981865,46454.7170393017,12,-5.051110452056779,2.6403783803179577,1.5150250048869913,13.40227815098254,0.0061290029161889395,0.761098249545428,0.0016374711527107923
0.3,0.06999999999999999,False,,0.607325152955512,0.7793106909028722,46348.19993241765,12,-4.844810796901403,2.7038410097930905,1.6548142871747564,13.840684063610952,0.006133532770423248,0.7616607658593494,0.0016445160494522667
0.3,0.08,False,,0.6100214496886317,0.7810386992259933,46245.65690180435,12,-4.650706279523316,2.7649442353073397,1.8516040213272478,14.482266288692504,0.006137017013918728,0.762093438459063,0.001656518568227576
